Track URI;Track;Album;Artist;Release;Release Year;Artist;Name(s);Release;Date;Duration;(ms);Popularity;Explicit;Added;By;Added;At;Genres;Record;Label;Danceability;Energy;Key;Loudness;Mode;Speechiness;Acousticness;Instrumentalness;Liveness;Valence;Tempo;Time;Signature
spotify:track:3K8BeABgLXZ3JHhdM3rZBx;No Puedo Vivir Sin Ti;Por Mi y por Todos Mis Compañeros;El Canto Del Loco;24/11/2009;214960;56;FALSE;nwy2xzqw3fu5i7s58g14g5uw6;2025-09-07T08:19:13Z;;Columbia (BMG Spain);0.666;0.834;0;-3.314;1;0.0318;0.0246;0;0.208;0.61;129.982;4;;;;;;;;;;
spotify:track:1sMgCr1RH0HfAazVZt9xmZ;El Secreto de las Tortugas;Es un Secreto...No Se Lo Digas a Nadie;Maldita Nerea;07/05/2009;247840;62;FALSE;nwy2xzqw3fu5i7s58g14g5uw6;2025-09-07T08:19:13Z;;Ariola;0.576;0.756;1;-6.554;1;0.0486;0.00726;0.00071;0.343;0.709;169.985;4;;;;;;;;;;
spotify:track:42VgiRyg0YjtRVLiPFNxPJ;Zapatillas;Zapatillas;El Canto Del Loco;27/06/1905;172640;63;FALSE;nwy2xzqw3fu5i7s58g14g5uw6;2025-09-07T08:19:13Z;;Ariola;0.428;0.956;8;-2.382;0;0.178;0.0281;0;0.58;0.686;198.076;4;;;;;;;;;;
spotify:track:1VB4sadHjFcFklHcZuoROi;Como Camarón;Estopa;Estopa;18/10/1999;202026;67;FALSE;nwy2xzqw3fu5i7s58g14g5uw6;2025-09-07T08:19:13Z;flamenco,flamenco pop;Ariola;0.499;0.721;9;-9.615;0;0.0564;0.216;0.00000974;0.295;0.843;140.4;4;;;;;;;;;;
spotify:track:3hlWUNjAlbZ6nOjAbrivBv;Princesas;Animales;Pereza;07/04/2005;217000;64;FALSE;nwy2xzqw3fu5i7s58g14g5uw6;2025-09-07T08:19:13Z;;RCA Anxious;0.683;0.846;7;-3.551;1;0.0422;0.0634;0;0.346;0.706;131.884;4;;;;;;;;;;
spotify:track:4waqcUQWdj0yH26STWl2Rq;Rosas;Lo Que Te Conte Mientras Te Hacias La Dormida;La Oreja de Van Gogh;2003;236506;80;FALSE;nwy2xzqw3fu5i7s58g14g5uw6;2025-09-07T08:19:13Z;pop latino;Columbia;0.783;0.685;9;-5.008;1;0.0271;0.627;0.00000349;0.108;0.54;107.01;4;;;;;;;;;;
spotify:track:4QBrx05HrLnohYaS1cPGHO;Volvera;Zapatillas;El Canto Del Loco;27/06/1905;229746;61;FALSE;nwy2xzqw3fu5i7s58g14g5uw6;2025-09-07T08:19:13Z;;Ariola;0.568;0.892;1;-3.091;1;0.0464;0.0111;0;0.379;0.783;126.02;4;;;;;;;;;;
spotify:track:0XJAzR3E4lq5aNGGDh8HUT;Con La Luna Llena;Con La Luna Llena;Melendi;;;;;;;;;;;;;;;;;;;;;;;;;;;;;;
spotify:track:5OaqffbeQyVVqtnA71Ci7K;Por la Raja de Tu Falda;Estopa;Estopa;18/10/1999;202826;65;FALSE;nwy2xzqw3fu5i7s58g14g5uw6;2025-09-07T08:19:13Z;flamenco,flamenco pop;Ariola;0.759;0.722;9;-9.906;0;0.0765;0.323;0;0.719;0.928;97.518;4;;;;;;;;;;
spotify:track:7cC1xYRITIkGKAGCSyqCAv;Son de Amores;Andy & Lucas;Andy & Lucas;15/04/2004;234813;15;FALSE;nwy2xzqw3fu5i7s58g14g5uw6;2025-09-07T08:19:13Z;flamenco,flamenco pop;Ariola;0.686;0.849;2;-5.365;0;0.158;0.466;0;0.666;0.712;81.94;4;;;;;;;;;;
spotify:track:3ri9fLG89OdSpjxheYxU7S;Me Muero;El Mundo Se Equivoca;La Quinta Estacion;15/08/2006;189560;74;FALSE;nwy2xzqw3fu5i7s58g14g5uw6;2025-09-07T08:19:13Z;pop latino;Ariola;0.424;0.74;5;-3.243;1;0.0347;0.171;0;0.273;0.585;169.914;4;;;;;;;;;;
spotify:track:1uFW6czrHk5PsK3s6gOI7C;Se Fue;Cosa Nuestra;Rauw Alejandro;;;;;;;;;;;;;;;;;;;;;;;;;;;;;;
spotify:track:0quM3iWAOKw9OGIMBsppSC;SI ELLA SUPIERA;Nuestro Mundo;India Martinez;;;;;;;;;;;;;;;;;;;;;;;;;;;;;;
spotify:track:6z98CyBiVapgBCecH98y4d;El Polvo de los Días Raros;El Polvo de los Días Raros;Leiva;07/02/2025;247878;48;FALSE;nwy2xzqw3fu5i7s58g14g5uw6;2025-09-07T08:19:13Z;;Sony Music Entertainment;0.284;0.651;11;-7.884;1;0.0374;0.00391;0.017;0.3;0.414;169.953;4;;;;;;;;;;
spotify:track:1TtwCkFbGv89XmuUNmoINt;Puede Ser (with Amaia Montero);A Contracorriente;El Canto Del Loco;;;;;;;;;;;;;;;;;;;;;;;;;;;;;;
spotify:track:4l7qXzZrZnr2RUgSVSKtnD;Carpe Diem;El Último Día de Nuestras Vidas;Dani Martín;29/11/2024;240016;57;FALSE;nwy2xzqw3fu5i7s58g14g5uw6;2025-09-07T08:19:13Z;;Sony Music Entertainment;0.615;0.539;7;-5.203;1;0.0587;0.0639;0;0.111;0.447;142.005;4;;;;;;;;;;
spotify:track:5xKUXB7fsIEpDYc6mBfSwT;Hoy no me siento bien;Hoy no me siento bien;Alejandro Sanz;;;;;;;;;;;;;;;;;;;;;;;;;;;;;;
spotify:track:6XY4Zaf0AoE5movPc2FfaZ;La Salvación;La Salvación;Arde Bogotá;;;;;;;;;;;;;;;;;;;;;;;;;;;;;;
spotify:track:5zyxGztIuOp27VhkVf1hMZ;Dolce Vita;Dolce Vita;Amaral;01/02/2025;215433;35;FALSE;nwy2xzqw3fu5i7s58g14g5uw6;2025-09-07T08:19:13Z;;Sony Music Entertainment;0.514;0.831;0;-5.147;1;0.0349;0.0032;0.00000139;0.228;0.488;126.959;4;;;;;;;;;;
spotify:track:51VLqRIxEjfT6guWSxEElY;Pop;Pop;Vicco;08/09/2023;149710;45;FALSE;nwy2xzqw3fu5i7s58g14g5uw6;2025-09-07T08:19:13Z;;Sony Music Entertainment;0.895;0.721;9;-6.296;1;0.0423;0.0908;0.00000246;0.105;0.836;138.006;4;;;;;;;;;;
spotify:track:7bM39j41perIVseatvugg3;PLAN DE HOY [QUIERO VERTE];PLAN DE HOY [QUIERO VERTE];Abraham Mateo;27/03/2025;191551;50;FALSE;nwy2xzqw3fu5i7s58g14g5uw6;2025-09-07T08:19:13Z;;Sony Music Latin;0.577;0.775;2;-1.585;1;0.0357;0.0147;0;0.384;0.529;111.942;4;;;;;;;;;;
spotify:track:27AycGPhBPGCc6YnTZTaSh;HOY TENGO GANAS DE TI;HOY TENGO GANAS DE TI;Abraham Mateo;22/08/2024;170672;50;FALSE;nwy2xzqw3fu5i7s58g14g5uw6;2025-09-07T08:19:13Z;;Sony Music Latin;0.32;0.62;4;-5.228;0;0.04;0.231;0;0.095;0.415;172.083;4;;;;;;;;;;
spotify:track:5sKdpvvNyRJifUmYLNiYys;Viento de Cara;Viento de Cara;Supersubmarina;22/09/2014;257106;56;FALSE;nwy2xzqw3fu5i7s58g14g5uw6;2025-09-07T08:19:13Z;indie;Sony Music Entertainment;0.522;0.715;9;-4.831;1;0.0342;0.0105;0.000827;0.311;0.316;129.999;4;;;;;;;;;;
spotify:track:3CmSv76KDKsvtiyrdgHZHH;La Razón;La Razón;Ana Mena;;;;;;;;;;;;;;;;;;;;;;;;;;;;;;
spotify:track:4bPxqFfAt9EaFqdIDTxczw;Me Acuerdo De Ti;Insomnio;Abraham Mateo;04/04/2024;146333;42;FALSE;nwy2xzqw3fu5i7s58g14g5uw6;2025-09-07T08:19:13Z;;Sony Music Entertainment;0.738;0.871;1;-4.605;1;0.0483;0.0023;0;0.313;0.746;130.023;4;;;;;;;;;;
spotify:track:6o8AfVju660AZb5XL5rzzP;Futuros amantes;Futuros amantes;Guitarricadelafuente;28/03/2025;164000;41;FALSE;nwy2xzqw3fu5i7s58g14g5uw6;2025-09-07T08:19:13Z;;Sony Music Entertainment;0.569;0.435;11;-7.74;1;0.034;0.586;0;0.236;0.549;75.117;4;;;;;;;;;;
spotify:track:3MTzCXM4r6yTOLhiuIaRfh;Bailarina;Insomnio;Abraham Mateo;;;;;;;;;;;;;;;;;;;;;;;;;;;;;;
spotify:track:1RG4xMoRobbuqGYHaF4nRp;Tormenta Perfecta;Tormenta Perfecta;Amaia Montero;31/12/2014;237002;34;FALSE;nwy2xzqw3fu5i7s58g14g5uw6;2025-09-07T08:19:13Z;;Ariola;0.511;0.531;2;-5.375;1;0.0269;0.00689;0;0.358;0.225;84.029;3;;;;;;;;;;
spotify:track:7CsOowK8aWlxgjuZLW7pXA;EL PANTALON - RUMBAS;LAGRIMAS DE UN MALEANTE;Omar Montes;;;;;;;;;;;;;;;;;;;;;;;;;;;;;;
spotify:track:26V1bLUk0SBYkLEwl4caPR;Clavaito;Clavaito;Chanel;;;;;;;;;;;;;;;;;;;;;;;;;;;;;;
spotify:track:6KHxe3Yj8W8oq3zviUvJRe;Madrid City;Madrid City;Ana Mena;29/09/2023;172727;64;FALSE;nwy2xzqw3fu5i7s58g14g5uw6;2025-09-07T08:19:13Z;;Sony Music Entertainment;0.73;0.87;1;-3.718;0;0.0561;0.0272;0.0000029;0.45;0.184;132.011;4;;;;;;;;;;
spotify:track:7MKO7rUZzjw8p87zdZDgqa;Besos;Zapatillas;El Canto Del Loco;2005;145826;60;FALSE;nwy2xzqw3fu5i7s58g14g5uw6;2025-09-07T08:19:13Z;;Ariola;0.576;0.909;10;-3.306;1;0.0523;0.00679;0.00000442;0.134;0.544;104.971;4;;;;;;;;;;
spotify:track:1b9sYsa4aFiBv7mqOKvwsM;Nunca Volverás;Nunca Volverás;Vicco;22/09/2023;171440;34;FALSE;nwy2xzqw3fu5i7s58g14g5uw6;2025-09-07T08:19:13Z;;Sony Music Entertainment;0.617;0.668;11;-8.144;0;0.0729;0.414;0.000802;0.112;0.392;171.86;4;;;;;;;;;;
spotify:track:00MEN35cUoB4rp00iZuiFV;ENGATUSAO =^.^=;ENGATUSAO =^.^=;Vicco;05/07/2024;148383;33;FALSE;nwy2xzqw3fu5i7s58g14g5uw6;2025-09-07T08:19:13Z;;Sony Music Entertainment;0.793;0.657;1;-6.201;0;0.0714;0.0515;0.00381;0.0572;0.58;129.958;4;;;;;;;;;;
spotify:track:45VlOHY7pEd6IC3plYeKZ3;BABIECA!;Spanish Leather;Guitarricadelafuente;16/05/2025;166068;62;FALSE;nwy2xzqw3fu5i7s58g14g5uw6;2025-09-07T08:19:13Z;;Sony Music Entertainment;0.574;0.536;11;-9.222;1;0.108;0.648;0.0000666;0.297;0.396;142.039;4;;;;;;;;;;
spotify:track:5MMEQLCzl9GsknyH42xFOX;Palmeras en el jardín;Palmeras en el jardín;Alejandro Sanz;25/10/2024;180725;58;FALSE;nwy2xzqw3fu5i7s58g14g5uw6;2025-09-07T08:19:13Z;pop latino;Sony Music Entertainment;0.576;0.429;7;-7.4;1;0.341;0.875;0;0.0982;0.17;133.637;4;;;;;;;;;;
spotify:track:6vYVTjrP8Nd6nsdjCrabM5;El Último Día de Nuestras Vidas;El Último Día de Nuestras Vidas;Dani Martín;03/10/2024;226626;49;FALSE;nwy2xzqw3fu5i7s58g14g5uw6;2025-09-07T08:19:13Z;;Sony Music Entertainment;0.533;0.743;10;-5.861;1;0.159;0.0056;0.00000571;0.0894;0.518;75.179;4;;;;;;;;;;
spotify:track:02FKjeU8CrA2ckppBa5RJg;Comiendote a Besos;Con Derecho A...;Rozalén;12/03/2013;241986;53;FALSE;nwy2xzqw3fu5i7s58g14g5uw6;2025-09-07T08:19:13Z;cantautores;Ariola;0.585;0.539;0;-5.105;1;0.039;0.603;0;0.229;0.5;120.095;4;;;;;;;;;;
spotify:track:2Y9xXXMWqETUfonJjXP25k;Tienes Que Saber;Tienes Que Saber;Abraham Mateo;;;;;;;;;;;;;;;;;;;;;;;;;;;;;;
spotify:track:0EpdLuptraYGFZ6J7HNSLc;LAS 12;LAS 12;Ana Mena;;;;;;;;;;;;;;;;;;;;;;;;;;;;;;
spotify:track:4snJ71Uz5KvX1CW0SaUiZY;Falsos Recuerdos;Falsos Recuerdos;Abraham Mateo;;;;;;;;;;;;;;;;;;;;;;;;;;;;;;
spotify:track:7cJDcvC6nSbkx4quEn7vTk;Titiritar;Titiritar;Pol Granch;17/05/2024;181864;36;FALSE;nwy2xzqw3fu5i7s58g14g5uw6;2025-09-07T08:19:13Z;;Sony Music Entertainment;0.7;0.672;0;-6.995;1;0.05;0.00736;0.00000985;0.143;0.634;140.023;4;;;;;;;;;;
spotify:track:3asOJIkC0NT24zR2S20azY;A carta cabal;La Cantera;Guitarricadelafuente;06/05/2022;269730;35;FALSE;nwy2xzqw3fu5i7s58g14g5uw6;2025-09-07T08:19:13Z;;Sony Music Entertainment;0.205;0.331;3;-9.225;1;0.0351;0.843;0.403;0.105;0.235;60.774;4;;;;;;;;;;
spotify:track:2SiAcexM2p1yX6joESbehd;LLYLM;LLYLM;ROSALÍA;27/01/2023;174044;63;FALSE;nwy2xzqw3fu5i7s58g14g5uw6;2025-09-07T08:19:13Z;latina;Columbia;0.555;0.634;6;-5.522;0;0.273;0.129;0.00000232;0.188;0.555;170.228;4;;;;;;;;;;
spotify:track:1uUVwLyzKnU8ft18H3QDu9;solo x ti;Amor Escupido;Pol Granch;28/10/2022;198758;49;FALSE;nwy2xzqw3fu5i7s58g14g5uw6;2025-09-07T08:19:13Z;;Sony Music Entertainment;0.793;0.636;11;-4.455;0;0.0382;0.28;0.0000176;0.111;0.484;117.985;4;;;;;;;;;;
spotify:track:0ALmQwK6LPYk8dkZozCGd9;No, No Vuelve;No, No Vuelve;Dani Martín;11/11/2021;228760;42;FALSE;nwy2xzqw3fu5i7s58g14g5uw6;2025-09-07T08:19:13Z;;Sony Music Entertainment;0.573;0.51;7;-5.184;1;0.0284;0.0189;0;0.0911;0.221;148.031;4;;;;;;;;;;
spotify:track:60e6OnYOu0h7LLhYXgINma;La Culpa (feat. Canelita);La Culpa (feat. Canelita);C. Tangana;;;;;;;;;;;;;;;;;;;;;;;;;;;;;;
spotify:track:1MAbXU7OMsOSEH9RoGT5Rs;La increíble historia entre tú y yo;La increíble historia entre tú y yo;Maldita Nerea;16/09/2022;159947;30;FALSE;nwy2xzqw3fu5i7s58g14g5uw6;2025-09-07T08:19:13Z;;Sony Music Entertainment;0.501;0.815;7;-5.207;1;0.0814;0.000153;0.00000217;0.0552;0.635;157.913;4;;;;;;;;;;
spotify:track:34vh6JPA1veSYpM0hkNCSE;Gigante;Gigante;Leiva;04/04/2025;252874;59;FALSE;nwy2xzqw3fu5i7s58g14g5uw6;2025-09-07T08:19:13Z;;Sony Music Entertainment;0.652;0.628;5;-7.37;1;0.0354;0.0305;0.000015;0.0744;0.657;84.996;4;;;;;;;;;;
spotify:track:1J9wWlo3oI3HjPnp48L3XL;TE PIENSO A CADA HORA;TE PIENSO A CADA HORA;Dvicio;18/02/2022;194323;27;FALSE;nwy2xzqw3fu5i7s58g14g5uw6;2025-09-07T08:19:13Z;;Sony Music Entertainment;0.654;0.689;0;-6.171;0;0.0747;0.0232;0.00000116;0.0922;0.752;145.028;4;;;;;;;;;;
spotify:track:1JurgyjeCTcDyZErghSV0y;Ké Más Nos Da;Estopía;Estopa;15/03/2024;200367;52;FALSE;nwy2xzqw3fu5i7s58g14g5uw6;2025-09-07T08:19:13Z;flamenco,flamenco pop;Sony Music Entertainment;0.481;0.85;7;-7.093;1;0.0362;0.00911;0.000251;0.128;0.646;98.044;4;;;;;;;;;;
spotify:track:20CozgjF6bshBw8cLhN23B;Nochentera;Nochentera;Vicco;19/12/2022;202184;61;FALSE;nwy2xzqw3fu5i7s58g14g5uw6;2025-09-07T08:19:13Z;;Sony Music Entertainment;0.802;0.728;8;-6.456;0;0.0533;0.0233;0;0.119;0.782;121.92;4;;;;;;;;;;
spotify:track:60WnyQpJMxndoCwfo3TbuE;XQ Sigues Pasando :(;XQ Sigues Pasando :(;Abraham Mateo;;;;;;;;;;;;;;;;;;;;;;;;;;;;;;
spotify:track:5LNJHJJd8aBY0aW9CgSgbz;La Musiquita;La Musiquita;Daviles de Novelda;;;;;;;;;;;;;;;;;;;;;;;;;;;;;;
spotify:track:4GKjSwmowWO082NGn11wNj;Ester Expósito;Ester Expósito;Dani Martín;19/02/2024;213206;50;FALSE;nwy2xzqw3fu5i7s58g14g5uw6;2025-09-07T08:19:13Z;;Sony Music Entertainment;0.441;0.849;6;-4.388;0;0.0392;0.117;0;0.146;0.625;91.887;4;;;;;;;;;;
spotify:track:7GJVqqE79WOl8ncT7Y4z0L;Lentamente;bellodrama;Ana Mena;24/03/2023;184195;44;FALSE;nwy2xzqw3fu5i7s58g14g5uw6;2025-09-07T08:19:13Z;;Sony Music Entertainment;0.76;0.71;9;-4.984;0;0.0428;0.205;0;0.349;0.707;111.957;4;;;;;;;;;;
spotify:track:7nIwaCJSx1QHK82f5HlRDe;Pon Que Dale;Camino;Niña Pastori;28/04/2023;194459;40;FALSE;nwy2xzqw3fu5i7s58g14g5uw6;2025-09-07T08:19:13Z;flamenco,flamenco pop,villancicos;Sony Music Entertainment;0.754;0.69;6;-8.226;0;0.0701;0.357;0.0000201;0.0787;0.78;161.97;4;;;;;;;;;;
spotify:track:21AH6D2xxBxjduEbZHh7i5;Cómo Me Gustaría Contarte;Lo Que Me Dé la Gana;Dani Martín;16/10/2020;229946;50;FALSE;nwy2xzqw3fu5i7s58g14g5uw6;2025-09-07T08:19:13Z;;Sony Music Entertainment;0.582;0.253;0;-10.095;1;0.0352;0.736;0;0.109;0.271;143.89;4;;;;;;;;;;
spotify:track:4XdePl1vOF1cYjTBYeYU9j;20 de Enero;Lo Que Te Conte Mientras Te Hacias La Dormida;La Oreja de Van Gogh;25/06/1905;223000;67;FALSE;nwy2xzqw3fu5i7s58g14g5uw6;2025-09-07T08:19:13Z;pop latino;Columbia;0.593;0.893;0;-4.047;1;0.0349;0.38;0.000603;0.156;0.643;145.029;4;;;;;;;;;;
spotify:track:5xiAfKzE3mbxYbOkUZPR11;Ateo;Ateo;C. Tangana;;;;;;;;;;;;;;;;;;;;;;;;;;;;;;
spotify:track:5BSclXJTa9B0iURhUjZo50;La Tortura (feat. Alejandro Sanz);Fijación Oral, Vol. 1;Shakira;;;;;;;;;;;;;;;;;;;;;;;;;;;;;;
spotify:track:53y5byq0942aVeWaxU6mPa;Kriño;Kriño;Pol Granch;27/01/2022;165129;28;FALSE;nwy2xzqw3fu5i7s58g14g5uw6;2025-09-07T08:19:13Z;;Sony Music Entertainment;0.565;0.419;5;-10.499;1;0.126;0.744;0;0.147;0.548;157.943;4;;;;;;;;;;
spotify:track:4aAfLSx9IthpC3Pw5pNk3E;Como Si Fueras a Morir Mañana;Nuclear;Leiva;22/03/2019;240984;66;FALSE;nwy2xzqw3fu5i7s58g14g5uw6;2025-09-07T08:19:13Z;;Sony Music Entertainment;0.46;0.816;3;-6.576;1;0.0427;0.00144;0;0.11;0.373;143.892;4;;;;;;;;;;
spotify:track:3CY6JuDw7bEHRmryKvTuoe;La Noria (with Amaral);Los Amigos De Los Animales;Pereza;;;;;;;;;;;;;;;;;;;;;;;;;;;;;;
spotify:track:07TRc0Glkk8wDVq3eC5f2Z;Me He Pillao x Ti;bellodrama;Ana Mena;;;;;;;;;;;;;;;;;;;;;;;;;;;;;;
spotify:track:490e7PHsxkzMot8qCO36Bt;pa;un mechón de pelo;TINI;11/04/2024;190649;61;FALSE;nwy2xzqw3fu5i7s58g14g5uw6;2025-09-07T08:19:13Z;pop latino;5020 Records;0.57;0.271;10;-9.41;1;0.0354;0.689;0;0.199;0.326;143.666;4;;;;;;;;;;
spotify:track:70AYiGbc4mWZGEqiipBBDb;CANDY;MOTOMAMI;ROSALÍA;18/03/2022;193480;65;FALSE;nwy2xzqw3fu5i7s58g14g5uw6;2025-09-07T08:19:13Z;latina;Columbia;0.638;0.49;4;-5.726;0;0.226;0.885;0.0116;0.156;0.403;179.905;4;;;;;;;;;;
spotify:track:53dfoY17ZWSnG92lrBCqMg;Nena;Amor Escupido;Pol Granch;28/10/2022;195797;32;FALSE;nwy2xzqw3fu5i7s58g14g5uw6;2025-09-07T08:19:13Z;;Sony Music Entertainment;0.753;0.547;4;-11.643;1;0.0635;0.545;0.000135;0.0933;0.347;95.011;4;;;;;;;;;;
spotify:track:277ia0CBOO47RhG7XSLj4b;Risueña;Risueña;Omar Montes;;;;;;;;;;;;;;;;;;;;;;;;;;;;;;
spotify:track:4hO4Y9WR9NL5L7XnqtbTyE;90 Minutos;Trece Verdades;India Martinez;08/02/2011;200373;53;FALSE;nwy2xzqw3fu5i7s58g14g5uw6;2025-09-07T08:19:13Z;flamenco,flamenco pop;Ariola;0.543;0.315;4;-5.743;1;0.0402;0.591;0;0.134;0.195;77.011;4;;;;;;;;;;
spotify:track:42k1KeBehAd83lrGt1okiC;Loca (feat. El Cata);Sale el Sol;Shakira;;;;;;;;;;;;;;;;;;;;;;;;;;;;;;
spotify:track:2VTaauLbYR0VxWaT9rlQFi;Pienso en Aquella Tarde - Nueva Versión;Algo para Cantar;Pereza;11/07/2003;221693;45;FALSE;nwy2xzqw3fu5i7s58g14g5uw6;2025-09-07T08:19:13Z;;RCA Records Label;0.712;0.629;7;-6.554;1;0.0269;0.203;0;0.0838;0.633;119.946;4;;;;;;;;;;
spotify:track:12oFSoib1tf0r2rd1Fgsfe;Convénceme;Convénceme;India Martinez;;;;;;;;;;;;;;;;;;;;;;;;;;;;;;
spotify:track:4eUhX5KmmQp537lxDJpmQK;La Madre;La Vida en Canciones;Víctor Manuel;;;;;;;;;;;;;;;;;;;;;;;;;;;;;;
spotify:track:75HnDKDqsmEzdOKFWe5FZS;VIVIR ASÍ ES MORIR DE AMOR;VIVIR ASÍ ES MORIR DE AMOR;NATHY PELUSO;10/12/2021;257379;61;FALSE;nwy2xzqw3fu5i7s58g14g5uw6;2025-09-07T08:19:13Z;;Sony Music Entertainment;0.62;0.803;5;-5.514;0;0.0536;0.0881;0.000155;0.1;0.717;102;4;;;;;;;;;;
spotify:track:0Wn489VvZ0b5MRm62LMmUM;Portales;Lo Que Me Dé la Gana;Dani Martín;16/10/2020;225520;46;FALSE;nwy2xzqw3fu5i7s58g14g5uw6;2025-09-07T08:19:13Z;;Sony Music Entertainment;0.447;0.519;9;-4.872;1;0.0314;0.175;0;0.0872;0.231;76.857;4;;;;;;;;;;
spotify:track:0JKUSybmsE4rU1MpImJn0j;Cómo Quieres Que Te Quiera;Esencial Rosario;Rosario;23/07/2013;265813;20;FALSE;nwy2xzqw3fu5i7s58g14g5uw6;2025-09-07T08:19:13Z;flamenco,flamenco pop;Legacy Recordings;0.763;0.714;4;-7.39;0;0.0667;0.313;0;0.067;0.645;126.002;4;;;;;;;;;;
spotify:track:7chjOPhoxbpRYSrO1rvdnu;5 Sentidos;5 Sentidos;Dvicio;;;;;;;;;;;;;;;;;;;;;;;;;;;;;;
spotify:track:0XPayKZFFZA2PwSRNi1pVU;Terriblemente Cruel;Polvora;Leiva;31/01/2014;227600;64;FALSE;nwy2xzqw3fu5i7s58g14g5uw6;2025-09-07T08:19:13Z;;Ariola;0.549;0.831;0;-4.17;1;0.0304;0.0281;0;0.0842;0.615;125.594;4;;;;;;;;;;
spotify:track:740Rh302Wm6uHRsYTa4KDQ;A San Fernando un Ratito a Pie y Otro Caminando;Arena En Los Bolsillos;Manolo Garcia;14/11/1998;227666;58;FALSE;nwy2xzqw3fu5i7s58g14g5uw6;2025-09-07T08:19:13Z;flamenco,flamenco pop;Ariola;0.56;0.918;6;-4.399;0;0.0735;0.132;0.0000024;0.435;0.743;135.251;4;;;;;;;;;;
spotify:track:7oZpaS7DDMyl3U7RnHsPKp;Siete Vidas;Esencial Antonio Flores;Antonio Flores;23/07/2013;240906;19;FALSE;nwy2xzqw3fu5i7s58g14g5uw6;2025-09-07T08:19:13Z;flamenco,trova,cantautores;Legacy Recordings;0.543;0.457;9;-6.329;0;0.026;0.556;0;0.155;0.521;135.742;4;;;;;;;;;;
spotify:track:0j6eJIII2AucQBgCGxPrFx;Millonario;Tengo Que Calmarme;Pol Granch;26/06/2020;189690;28;FALSE;nwy2xzqw3fu5i7s58g14g5uw6;2025-09-07T08:19:13Z;;Sony Music Entertainment;0.552;0.576;10;-7.072;1;0.121;0.206;0;0.213;0.386;80.271;4;;;;;;;;;;
spotify:track:4uctPC0cRfw3vOmK2YF4xR;Mi Pequeño Chernóbil;Mi Pequeño Chernóbil;Leiva;02/04/2020;260030;39;FALSE;nwy2xzqw3fu5i7s58g14g5uw6;2025-09-07T08:19:13Z;;Sony Music Entertainment;0.509;0.669;7;-7.763;1;0.0423;0.00538;0.00494;0.107;0.305;131.846;4;;;;;;;;;;
spotify:track:4CiY69daQtmIl2RNqsYCtp;Un último vals;Un último vals;Joaquín Sabina;17/10/2024;253769;49;FALSE;nwy2xzqw3fu5i7s58g14g5uw6;2025-09-07T08:19:13Z;trova,cantautores,nueva trova;Sony Music Entertainment;0.636;0.537;7;-7.296;1;0.0489;0.524;0;0.121;0.382;105.086;4;;;;;;;;;;
spotify:track:4zSpfYHyf6bN2jJVO0so03;Este Tren;Este Tren;Rozalén;21/05/2020;196287;30;FALSE;nwy2xzqw3fu5i7s58g14g5uw6;2025-09-07T08:19:13Z;cantautores;Sony Music Entertainment;0.674;0.598;10;-7.692;1;0.177;0.106;0;0.121;0.709;147.986;4;;;;;;;;;;
spotify:track:4BOSdVvfw3b5EAhIK5EIVX;Nuestro Tiempo;Salto Al Color;Amaral;06/09/2019;193626;36;FALSE;nwy2xzqw3fu5i7s58g14g5uw6;2025-09-07T08:19:13Z;;Sony Music Entertainment;0.589;0.845;8;-4.598;0;0.0391;0.144;0.00000132;0.131;0.655;137.907;4;;;;;;;;;;
spotify:track:5YT1NfgHvrJUhgoHrvD9h7;Dejaría Todo;Grandes Exitos;Chayanne;14/03/2002;282693;22;FALSE;nwy2xzqw3fu5i7s58g14g5uw6;2025-09-07T08:19:13Z;pop latino;Columbia;0.629;0.747;8;-6.53;1;0.0282;0.446;0;0.293;0.65;143.926;4;;;;;;;;;;
spotify:track:0JXRA6bYdnwkHYAlIwEWb8;En el Mundo Genial de las Cosas Que Dices;Facil;Maldita Nerea;17/05/2011;253520;49;FALSE;nwy2xzqw3fu5i7s58g14g5uw6;2025-09-07T08:19:13Z;;Ariola;0.59;0.669;7;-9.15;1;0.0286;0.505;0;0.0993;0.451;92.021;4;;;;;;;;;;
spotify:track:4fYAcwdEtW2VCZe5Xoe7iC;A Contracorriente;A Contracorriente;El Canto Del Loco;01/03/2002;181533;49;FALSE;nwy2xzqw3fu5i7s58g14g5uw6;2025-09-07T08:19:13Z;;Ariola;0.496;0.931;8;-1.945;1;0.039;0.0158;0.00000748;0.135;0.763;155.009;4;;;;;;;;;;
spotify:track:3nN5n70vM1tAMWBDZaRbxS;Dieciocho;Dieciocho;Dani Martín;20/04/2018;227835;53;FALSE;nwy2xzqw3fu5i7s58g14g5uw6;2025-09-07T08:19:13Z;;Sony Music Entertainment;0.518;0.808;0;-5.578;1;0.0358;0.022;0.0000169;0.303;0.683;139.939;4;;;;;;;;;;
spotify:track:3uyXupf90Zy56shfjUj7AB;Arráncame la Piel;Tengo Que Calmarme;Pol Granch;26/06/2020;179468;34;FALSE;nwy2xzqw3fu5i7s58g14g5uw6;2025-09-07T08:19:13Z;;Sony Music Entertainment;0.726;0.51;9;-6.836;0;0.225;0.684;0;0.221;0.57;97.845;4;;;;;;;;;;
spotify:track:6wfadwumj3jluiqFxqvIl0;Si Quieres Bailamos (with Quique Gonzalez);Los Amigos De Los Animales;Pereza;;;;;;;;;;;;;;;;;;;;;;;;;;;;;;
spotify:track:3xGon93gcCARQ4VgYgoirk;Sobreviviré;Minage;Monica Naranjo;04/07/2000;297640;55;FALSE;nwy2xzqw3fu5i7s58g14g5uw6;2025-09-07T08:19:13Z;pop latino;Sony Music Media;0.591;0.741;11;-7.039;1;0.033;0.0119;0.0000232;0.144;0.416;132.082;4;;;;;;;;;;
spotify:track:46MznfUnpFS7qEhTpNJl9t;Sobrenatural (feat. FARIANA);Impulso;Dvicio;;;;;;;;;;;;;;;;;;;;;;;;;;;;;;
spotify:track:2vvdTrdryjsl8DmPIMDWZU;EL BAÑO;EL BAÑO;Enrique Iglesias;;;;;;;;;;;;;;;;;;;;;;;;;;;;;;
spotify:track:2reL9PAUza4PUtbjqW1fRf;Dolerme;Dolerme;ROSALÍA;24/03/2020;143975;59;FALSE;nwy2xzqw3fu5i7s58g14g5uw6;2025-09-07T08:19:13Z;latina;Columbia;0.545;0.478;8;-7.035;0;0.0559;0.785;0.00278;0.123;0.318;173.746;4;;;;;;;;;;
spotify:track:4UMCpYrmgZv9CsyLvrws4F;El del Medio de los Chichos;Estopa;Estopa;18/10/1999;227013;56;FALSE;nwy2xzqw3fu5i7s58g14g5uw6;2025-09-07T08:19:13Z;flamenco,flamenco pop;Ariola;0.603;0.842;9;-8.393;0;0.0466;0.14;0;0.199;0.741;90.447;4;;;;;;;;;;
spotify:track:5qtcm02ln28nPGfFonT9ZH;Empiezo a Recordarte;Palabra de Mujer;Monica Naranjo;15/04/1997;248200;59;FALSE;nwy2xzqw3fu5i7s58g14g5uw6;2025-09-07T08:19:13Z;pop latino;Epic;0.507;0.569;11;-4.599;1;0.0264;0.412;0;0.345;0.305;132.839;4;;;;;;;;;;
spotify:track:4VRP8DfxO2qQOZrnbaj324;Enamorate;Justo Ahora;Dvicio;08/09/2014;194893;51;FALSE;nwy2xzqw3fu5i7s58g14g5uw6;2025-09-07T08:19:13Z;;Ariola;0.665;0.843;0;-4.215;1;0.0355;0.285;0;0.422;0.78;93.993;4;;;;;;;;;;
spotify:track:3by1RwAsoZ6nNoMOCy11LM;Superpoderes;Nuclear;Leiva;22/03/2019;179117;54;FALSE;nwy2xzqw3fu5i7s58g14g5uw6;2025-09-07T08:19:13Z;;Sony Music Entertainment;0.346;0.744;2;-5.622;1;0.0322;0.00106;0.00000106;0.0961;0.382;175.642;4;;;;;;;;;;
spotify:track:1G0mTAZcpoU1vKcLO8lb0n;Guerra Fria;Guerra Fria;Malú;08/05/2010;240693;32;FALSE;nwy2xzqw3fu5i7s58g14g5uw6;2025-09-07T08:19:13Z;flamenco pop,flamenco;Ariola;0.577;0.631;2;-3.979;1;0.0297;0.645;0;0.155;0.431;125.944;4;;;;;;;;;;
spotify:track:3Ll4D5HXvICXck8KmOjytI;Valio la Pena;Amar Sin Mentiras;Marc Anthony;26/06/1905;222826;35;FALSE;nwy2xzqw3fu5i7s58g14g5uw6;2025-09-07T08:19:13Z;salsa,merengue,bachata,latina,pop latino;Sony Music Latin;0.586;0.962;9;-5.441;1;0.0403;0.222;0;0.552;0.962;97.036;4;;;;;;;;;;
spotify:track:2SxtZcr9RPVvKnVPqUmiPe;Quiero Ser (feat. Amaia Montero);Amaia Montero;Jorge Celedón;;;;;;;;;;;;;;;;;;;;;;;;;;;;;;
spotify:track:2KK9N6iBAisA0booTu3bGd;Déjala Que Baile (with Alejandro Sanz & Arkano);Ahora;Melendi;;;;;;;;;;;;;;;;;;;;;;;;;;;;;;
spotify:track:7A6vqBPkt4rbwXsKhrl7B1;París;La Montaña Rusa;Dani Martín;23/09/2016;244586;40;FALSE;nwy2xzqw3fu5i7s58g14g5uw6;2025-09-07T08:19:13Z;;Sony Music Entertainment;0.562;0.724;10;-6.384;1;0.0258;0.0536;0.0000313;0.102;0.307;94.013;4;;;;;;;;;;
spotify:track:5GGUa4ms6gjj9gvPl6kl3r;Lady Madrid;Pereza 10 Años;Pereza;21/12/2010;191586;16;FALSE;nwy2xzqw3fu5i7s58g14g5uw6;2025-09-07T08:19:13Z;;RCA Records Label;0.598;0.655;0;-2.761;1;0.0256;0.359;0;0.0922;0.377;115.041;4;;;;;;;;;;
spotify:track:0LeJMPgBIlWMxdRtjF7Qj1;Sueños Rotos;El Mundo Se Equivoca;La Quinta Estacion;15/08/2006;250986;24;FALSE;nwy2xzqw3fu5i7s58g14g5uw6;2025-09-07T08:19:13Z;pop latino;Ariola;0.506;0.522;6;-5.854;1;0.0273;0.618;0;0.151;0.345;139.706;4;;;;;;;;;;
spotify:track:7BlBVFwvbWvcwNcUarQmjk;Yo x Ti, Tu x Mi;Yo x Ti, Tu x Mi;ROSALÍA;;;;;;;;;;;;;;;;;;;;;;;;;;;;;;
spotify:track:5NV19rJlAYrAAFXQTZVC55;Estrella Polar (with Juan Aguirre);Aproximaciones;Pereza;;;;;;;;;;;;;;;;;;;;;;;;;;;;;;
spotify:track:709CndJJB3GTUhQD0LLFse;Torero;Grandes Exitos;Chayanne;24/06/1905;217426;61;FALSE;nwy2xzqw3fu5i7s58g14g5uw6;2025-09-07T08:19:13Z;pop latino;Pop Music;0.7;0.967;8;-3.462;0;0.0463;0.073;0;0.333;0.962;136.045;4;;;;;;;;;;
spotify:track:5GwSE4jH72NzlLRAWuwRqL;Rosa de Alejandría;Nunca El Tiempo Es Perdido;Manolo Garcia;14/11/2004;274973;40;FALSE;nwy2xzqw3fu5i7s58g14g5uw6;2025-09-07T08:19:13Z;flamenco,flamenco pop;Ariola;0.683;0.78;6;-4.565;0;0.0352;0.252;0.0000339;0.296;0.409;127.841;4;;;;;;;;;;
spotify:track:5RJRcCng40cAECYiXkOM6Z;No Voy a Cambiar;Desafío;Malú;23/10/2006;223333;45;FALSE;nwy2xzqw3fu5i7s58g14g5uw6;2025-09-07T08:19:13Z;flamenco pop,flamenco;Columbia;0.658;0.754;1;-5.486;0;0.129;0.19;0;0.319;0.778;91.949;4;;;;;;;;;;
spotify:track:7DM4BPaS7uofFul3ywMe46;Vente Pa' Ca (feat. Maluma);Vente Pa' Ca (feat. Maluma);Ricky Martin;;;;;;;;;;;;;;;;;;;;;;;;;;;;;;
spotify:track:6b230QKlluW1wgkexEAjBa;La Mentira (feat. Joaquín Sabina);Lo Que Me Dé la Gana;Dani Martín;;;;;;;;;;;;;;;;;;;;;;;;;;;;;;
spotify:track:2vcj4d4TpiyWqMbdRu4j6u;Es por Ti;Complicidad;Cómplices;01/02/2000;270600;45;FALSE;nwy2xzqw3fu5i7s58g14g5uw6;2025-09-07T08:19:13Z;rock en español,rock latino;RCA Records Label;0.717;0.813;9;-5.17;0;0.0264;0.274;0.0000838;0.261;0.594;118.5;4;;;;;;;;;;
spotify:track:6ye25NazQfUWrCTdCH3cXX;Fuego;Fuego;Estopa;31/05/2019;193260;41;FALSE;nwy2xzqw3fu5i7s58g14g5uw6;2025-09-07T08:19:13Z;flamenco,flamenco pop;Sony Music Entertainment;0.669;0.85;9;-4.895;0;0.0763;0.049;0;0.369;0.845;100.103;4;;;;;;;;;;
spotify:track:6djqlcjQPGhxuZ6HERSgWw;No Dudaria;ANTONIO / AL CAER EL SOL;Antonio Flores;10/07/1995;213800;43;FALSE;nwy2xzqw3fu5i7s58g14g5uw6;2025-09-07T08:19:13Z;flamenco,trova,cantautores;Epic;0.598;0.73;0;-10.466;1;0.0397;0.733;0.00000127;0.257;0.665;139.818;4;;;;;;;;;;
spotify:track:6XZFGX36EFljIGj7p2Ht6l;Cai;Cañailla;Niña Pastori;29/03/2000;269320;10;FALSE;nwy2xzqw3fu5i7s58g14g5uw6;2025-09-07T08:19:13Z;flamenco,flamenco pop,villancicos;Ariola;0.593;0.458;0;-7.522;0;0.0417;0.66;0;0.159;0.352;144.129;3;;;;;;;;;;
spotify:track:5NO0xkDUbMDeBUKr4CVJOX;El Universo Sobre Mi - En Directo;SUPERLUNA, DIRECTO DESDE EL PLANETA TIERRA;Amaral;05/10/2018;249793;17;FALSE;nwy2xzqw3fu5i7s58g14g5uw6;2025-09-07T08:19:13Z;;Sony Music Entertainment;0.42;0.857;2;-2.956;1;0.0326;0.0471;0.122;0.957;0.243;94.916;4;;;;;;;;;;
spotify:track:7z9IbN0D245JG5iokzkbDk;Ahora Tu;Guerra Fria;Malú;08/05/2010;224346;53;FALSE;nwy2xzqw3fu5i7s58g14g5uw6;2025-09-07T08:19:13Z;flamenco pop,flamenco;Ariola;0.371;0.616;7;-3.295;0;0.035;0.637;0;0.0976;0.31;169.772;3;;;;;;;;;;
spotify:track:42ZASSKlh3UtYCgwZb8lBS;La Puerta Violeta;Cuando el Río Suena...;Rozalén;15/09/2017;202600;51;FALSE;nwy2xzqw3fu5i7s58g14g5uw6;2025-09-07T08:19:13Z;cantautores;Sony Music Entertainment;0.809;0.712;6;-7.37;0;0.049;0.526;0;0.0958;0.895;127.962;4;;;;;;;;;;
spotify:track:2LsbizbOeNa4x6qsi2jAMb;La flaca;La Flaca;Jarabe De Palo;18/06/1905;261200;77;FALSE;nwy2xzqw3fu5i7s58g14g5uw6;2025-09-07T08:19:13Z;rock en español,rock latino,música alternativa latina;Parlophone Spain;0.871;0.481;7;-9.068;1;0.0383;0.52;0.0000554;0.0809;0.664;103.063;4;;;;;;;;;;
spotify:track:72wP8pJImrhxGA6f6F91gk;Fan de Ti;Cremalleras;Sidecars;24/08/2010;213080;46;FALSE;nwy2xzqw3fu5i7s58g14g5uw6;2025-09-07T08:19:13Z;;RCA Records Label;0.55;0.761;0;-2.819;1;0.0303;0.0201;0;0.0948;0.402;134.013;4;;;;;;;;;;
spotify:track:3eoZdfIaTawNFYSBuLdlTG;Buscando El Sol;Un Viaje Nada-Logico;David Otero;21/03/2011;254560;32;FALSE;nwy2xzqw3fu5i7s58g14g5uw6;2025-09-07T08:19:13Z;;Columbia;0.498;0.941;7;-3.27;1;0.056;0.0000608;0.00105;0.18;0.524;162.1;4;;;;;;;;;;
spotify:track:6y63IkVtjr2RnPVvK8BqEj;Paraíso;Paraíso;Dvicio;03/03/2014;179333;32;FALSE;nwy2xzqw3fu5i7s58g14g5uw6;2025-09-07T08:19:13Z;;Ariola;0.574;0.892;10;-3.76;1;0.0421;0.412;0;0.129;0.93;176.09;4;;;;;;;;;;
spotify:track:1VB4sadHjFcFklHcZuoROi;Como Camarón;Estopa;Estopa;18/10/1999;202026;67;FALSE;nwy2xzqw3fu5i7s58g14g5uw6;2025-09-07T08:19:13Z;flamenco,flamenco pop;Ariola;0.499;0.721;9;-9.615;0;0.0564;0.216;0.00000974;0.295;0.843;140.4;4;;;;;;;;;;
spotify:track:6uojMoKuVkIVEeqH4JCBAr;Alba;Cosas Mias;Antonio Flores;25/05/1994;224506;48;FALSE;nwy2xzqw3fu5i7s58g14g5uw6;2025-09-07T08:19:13Z;flamenco,trova,cantautores;RCA Records Label;0.797;0.939;7;-8.48;1;0.0635;0.191;0.000187;0.0892;0.943;93.016;4;;;;;;;;;;
spotify:track:4EDfdYJ7mqXRoWAqzF1PVO;Ojos Así;Donde Estan Los Ladrones;Shakira;29/09/1998;235733;68;FALSE;nwy2xzqw3fu5i7s58g14g5uw6;2025-09-07T08:19:13Z;pop latino;Epic;0.717;0.952;6;-4.902;1;0.0481;0.15;0;0.166;0.665;126.993;4;;;;;;;;;;
spotify:track:4B6ko7lt1sUtyFzBDF4yfK;Pajaros de Barro;Arena En Los Bolsillos;Manolo Garcia;14/11/1998;246240;63;FALSE;nwy2xzqw3fu5i7s58g14g5uw6;2025-09-07T08:19:13Z;flamenco,flamenco pop;Ariola;0.719;0.597;5;-5.964;0;0.106;0.485;0;0.0762;0.651;144.99;4;;;;;;;;;;
spotify:track:1hbWtHgRDG25DkmxE4I28V;Puedes Contar Conmigo;Lo Que Te Conte Mientras Te Hacias La Dormida;La Oreja de Van Gogh;25/06/1905;236786;71;FALSE;nwy2xzqw3fu5i7s58g14g5uw6;2025-09-07T08:19:13Z;pop latino;Columbia;0.651;0.894;6;-4.843;1;0.0317;0.0706;0;0.13;0.561;144.95;4;;;;;;;;;;
spotify:track:5DCBEzZM5rSVWZBYWKknv4;Contigo;A Contracorriente;El Canto Del Loco;01/03/2002;212466;34;FALSE;nwy2xzqw3fu5i7s58g14g5uw6;2025-09-07T08:19:13Z;;Ariola;0.723;0.71;1;-5.659;0;0.0316;0.0901;0;0.0897;0.406;130.038;4;;;;;;;;;;
spotify:track:1YtZ6sHC4TalQbK4c37bqJ;Muñeca de Trapo;Guapa;La Oreja de Van Gogh;09/04/2007;233986;63;FALSE;nwy2xzqw3fu5i7s58g14g5uw6;2025-09-07T08:19:13Z;pop latino;Columbia;0.561;0.777;7;-3.285;0;0.0297;0.0524;0.0000941;0.108;0.36;94.975;4;;;;;;;;;;
spotify:track:6FstWkgRdHagqJ6qjDbiK0;Insoportable;Estados de Animo;El Canto Del Loco;25/06/1905;248720;59;FALSE;nwy2xzqw3fu5i7s58g14g5uw6;2025-09-07T08:19:13Z;;Ariola;0.615;0.763;9;-4.142;1;0.0294;0.0119;0;0.0648;0.426;131.022;4;;;;;;;;;;
spotify:track:09QG9D1BI4TRvGq64NghRg;Todo;Animales;Pereza;07/04/2005;260733;53;FALSE;nwy2xzqw3fu5i7s58g14g5uw6;2025-09-07T08:19:13Z;;RCA Anxious;0.579;0.741;0;-4.091;1;0.0455;0.154;0;0.179;0.538;168.02;4;;;;;;;;;;
spotify:track:5zOAudPQIs5U8zP6LQGHmH;MALAMENTE - Cap.1: Augurio;MALAMENTE (Cap.1: Augurio);ROSALÍA;30/05/2018;149450;48;FALSE;nwy2xzqw3fu5i7s58g14g5uw6;2025-09-07T08:19:13Z;latina;Columbia;0.895;0.483;5;-4.709;0;0.0881;0.565;0.0137;0.0737;0.52;98.057;4;;;;;;;;;;
spotify:track:2fF6Kma5cZBvDCyEKq30tb;A Prueba de Ti;Si;Malú;14/10/2013;212786;50;FALSE;nwy2xzqw3fu5i7s58g14g5uw6;2025-09-07T08:19:13Z;flamenco pop,flamenco;Ariola;0.557;0.913;5;-2.833;1;0.0479;0.0601;0;0.117;0.697;89.987;4;;;;;;;;;;
spotify:track:6XPOXobXwTz9Bh8p9u0QXW;Los Charcos;La Montaña Rusa;Dani Martín;23/09/2016;258693;47;FALSE;nwy2xzqw3fu5i7s58g14g5uw6;2025-09-07T08:19:13Z;;Sony Music Entertainment;0.61;0.656;4;-6.556;1;0.0289;0.12;0.00000323;0.111;0.597;90.023;4;;;;;;;;;;
spotify:track:0JbxyoJVB8NRaibf8hwxLA;Vivir Así Es Morir de Amor - Original Disco Mix;Vivir Así Es Morir de Amor;Camilo Sesto;;;;;;;;;;;;;;;;;;;;;;;;;;;;;;
spotify:track:5y4g8rBf30P8Tc0pibVUnX;Hijos de un Mismo Dios;Historias Tattooadas;Macaco;23/03/2015;265920;42;FALSE;nwy2xzqw3fu5i7s58g14g5uw6;2025-09-07T08:19:13Z;reggae en español,música alternativa latina;Ariola;0.596;0.638;7;-7.394;1;0.0287;0.0866;0;0.104;0.399;104.881;4;;;;;;;;;;
spotify:track:1gkBsKxTpVHIn1nLf05CUo;Peter Pan;Personas;El Canto Del Loco;30/06/1905;259720;58;FALSE;nwy2xzqw3fu5i7s58g14g5uw6;2025-09-07T08:19:13Z;;Epic;0.568;0.832;4;-3.358;1;0.0333;0.29;0;0.204;0.48;92.452;4;;;;;;;;;;
spotify:track:4m3vLNZkFAjm30XxPXf7E3;Eres para Mí;Limon Y Sal;Julieta Venegas;;;;;;;;;;;;;;;;;;;;;;;;;;;;;;
spotify:track:0NbBNLrvQKooffdK2jsSFU;Deshazte de Mi;Si;Malú;14/10/2013;238280;49;FALSE;nwy2xzqw3fu5i7s58g14g5uw6;2025-09-07T08:19:13Z;flamenco pop,flamenco;Ariola;0.558;0.767;7;-3.348;1;0.0444;0.413;0;0.106;0.533;158.956;3;;;;;;;;;;
spotify:track:1aTQjtfI3EapNrDGu4iu5T;Y en Tu Ventana;Andy Y Lucas;Andy & Lucas;01/01/2001;211813;49;FALSE;nwy2xzqw3fu5i7s58g14g5uw6;2025-09-07T08:19:13Z;flamenco,flamenco pop;Ariola;0.685;0.661;2;-5.661;0;0.0712;0.709;0;0.137;0.713;130.322;4;;;;;;;;;;
spotify:track:1MO5KuLnSaY1dlkWGDjHkT;¡Que Bonito!;Mucho Por Vivir;Rosario;18/10/1996;229386;61;FALSE;nwy2xzqw3fu5i7s58g14g5uw6;2025-09-07T08:19:13Z;flamenco,flamenco pop;Epic;0.791;0.407;9;-10.757;1;0.0321;0.401;0.000105;0.103;0.518;103.989;4;;;;;;;;;;
spotify:track:1LuW4h5s9ZumBbMh7qhDDj;Una Foto en Blanco y Negro;Estados de Animo;El Canto Del Loco;25/06/1905;209893;59;FALSE;nwy2xzqw3fu5i7s58g14g5uw6;2025-09-07T08:19:13Z;;Ariola;0.545;0.875;1;-3.714;1;0.0337;0.0737;0;0.215;0.675;139.008;4;;;;;;;;;;
spotify:track:3lgiC0OSZbPcyeO0HdTwz2;Justo Ahora;Justo Ahora;Dvicio;08/09/2014;212066;39;FALSE;nwy2xzqw3fu5i7s58g14g5uw6;2025-09-07T08:19:13Z;;Ariola;0.431;0.824;0;-4.088;1;0.0396;0.171;0;0.373;0.497;184.102;4;;;;;;;;;;
spotify:track:0GyksGKFXH50Lx737ahxIq;Vestido Azul;Lo Que Te Conte Mientras Te Hacias La Dormida;La Oreja de Van Gogh;25/06/1905;190653;56;FALSE;nwy2xzqw3fu5i7s58g14g5uw6;2025-09-07T08:19:13Z;pop latino;Columbia;0.492;0.759;11;-4.623;0;0.044;0.397;0;0.0482;0.671;179.958;4;;;;;;;;;;
spotify:track:5ZCamgcqvkckdf2FdfYuth;La Llamada;La Llamada;Leiva;27/09/2017;240205;53;FALSE;nwy2xzqw3fu5i7s58g14g5uw6;2025-09-07T08:19:13Z;;Sony Music Entertainment;0.623;0.488;2;-8.246;1;0.029;0.5;0.000211;0.131;0.169;114.019;4;;;;;;;;;;
spotify:track:6uUg2lTd67oC4372G210uw;Darte Mi Vida;Los Nº1 De Cadena 100 (2015);Amaia Montero;20/04/2015;240746;7;FALSE;nwy2xzqw3fu5i7s58g14g5uw6;2025-09-07T08:19:13Z;;Legacy Recordings;0.552;0.588;6;-4.863;1;0.044;0.193;0;0.0994;0.366;79.019;4;;;;;;;;;;
spotify:track:2a7Ufmq13NRMavrBYUN5Ex;Desátame;Palabra de Mujer;Monica Naranjo;15/04/1997;288933;54;FALSE;nwy2xzqw3fu5i7s58g14g5uw6;2025-09-07T08:19:13Z;pop latino;Epic;0.57;0.945;7;-3.636;0;0.053;0.0345;0.00000443;0.175;0.593;136.285;4;;;;;;;;;;
spotify:track:15m2Op4d1ZtX0ScPaDNKcd;Vino Tinto;Destrangis;Estopa;23/10/2001;198560;64;FALSE;nwy2xzqw3fu5i7s58g14g5uw6;2025-09-07T08:19:13Z;flamenco,flamenco pop;Ariola;0.694;0.935;7;-3.215;1;0.105;0.359;0;0.0324;0.797;92.478;4;;;;;;;;;;
spotify:track:2bbeNsFmjZqdoDhjLsKNWe;Bailamos;Enrique;Enrique Iglesias;23/11/1999;214066;56;FALSE;nwy2xzqw3fu5i7s58g14g5uw6;2025-09-07T08:19:13Z;pop latino,latina;Interscope;0.627;0.888;9;-4.523;0;0.0388;0.0528;0.00237;0.136;0.591;99.905;4;;;;;;;;;;
spotify:track:7hlPoVZ1uz7FiQagPTVbQG;Te Miro A La Cara;Te Miro A La Cara;Daviles de Novelda;;;;;;;;;;;;;;;;;;;;;;;;;;;;;;
spotify:track:0Gx4VrHzS7pZOEAGrmXXBH;La Bicicleta;VIVES;Carlos Vives;;;;;;;;;;;;;;;;;;;;;;;;;;;;;;
spotify:track:0QQHPRbgLJJ5XNzJV1l9BW;María;A Medio Vivir;Ricky Martin;12/09/1995;262573;61;FALSE;nwy2xzqw3fu5i7s58g14g5uw6;2025-09-07T08:19:13Z;pop latino,latina;Sony Discos;0.723;0.914;7;-5.598;0;0.0663;0.0726;0.0000212;0.95;0.968;101.181;4;;;;;;;;;;
spotify:track:0NYWDlaBz5ejU8N8g8GRFV;Celos;Desde mi barrio;Andy & Lucas;02/03/2005;232800;49;FALSE;nwy2xzqw3fu5i7s58g14g5uw6;2025-09-07T08:19:13Z;flamenco,flamenco pop;RCA Anxious;0.651;0.855;8;-5.884;0;0.0391;0.211;0;0.39;0.818;140.132;4;;;;;;;;;;
spotify:track:2IAtnd4UG52HQP9Rwart5h;La Bomba;Vuelve;Ricky Martin;10/02/1998;274466;57;FALSE;nwy2xzqw3fu5i7s58g14g5uw6;2025-09-07T08:19:13Z;pop latino,latina;SMI Artist;0.715;0.949;10;-5.88;0;0.0792;0.0841;0.0000358;0.165;0.845;99.198;4;;;;;;;;;;
spotify:track:3Av9wr1MflgPnAkxmOblKJ;Ahí Estás Tú;Endorfinas En La Mente;Chambao;26/06/1905;329360;24;FALSE;nwy2xzqw3fu5i7s58g14g5uw6;2025-09-07T08:19:13Z;flamenco,flamenco pop;Sony Music Entertainment;0.572;0.868;4;-3.619;0;0.0523;0.0758;0.0835;0.121;0.359;175.935;4;;;;;;;;;;
spotify:track:7hJ50qGogxnnOto7kISbSQ;Todo No Es Casualidad - Versión Radio;Te Cuento un Secreto;India Martinez;21/10/2016;209303;36;FALSE;nwy2xzqw3fu5i7s58g14g5uw6;2025-09-07T08:19:13Z;flamenco,flamenco pop;Ariola;0.621;0.787;5;-4.904;0;0.0321;0.125;0;0.138;0.283;143.893;4;;;;;;;;;;
spotify:track:0SzNJxel0NMpA4xM2COhO4;Dímelo;Marc Anthony;Marc Anthony;28/09/1999;228066;49;FALSE;nwy2xzqw3fu5i7s58g14g5uw6;2025-09-07T08:19:13Z;salsa,merengue,bachata,latina,pop latino;Columbia;0.774;0.931;6;-2.493;1;0.0303;0.358;0;0.138;0.857;115.071;4;;;;;;;;;;
spotify:track:1ayLQcNwISmhnjLHOtUYrM;Eras Tu;Necesito Libertad;Merche;01/01/2005;246893;47;FALSE;nwy2xzqw3fu5i7s58g14g5uw6;2025-09-07T08:19:13Z;;Universal Music Spain S.L.;0.513;0.731;7;-5.88;1;0.039;0.43;0;0.0781;0.448;139.377;4;;;;;;;;;;
spotify:track:4ClSC5MEC4gFOFrxiSIHak;Me Duele La Cara De Ser Tan Guapo;Cara-Dura;Los Inhumanos;19/03/2001;230440;37;FALSE;nwy2xzqw3fu5i7s58g14g5uw6;2025-09-07T08:19:13Z;rock en español;Zafiro;0.62;0.969;7;-4.039;1;0.137;0.242;0.00000462;0.168;0.758;196.264;4;;;;;;;;;;
spotify:track:7GO6pBFbieZ30NjGIp2LP5;Nada Fue Un Error - Live In Spain / 2005;Esta Mañana Y Otros Cuentos;Coti;;;;;;;;;;;;;;;;;;;;;;;;;;;;;;
spotify:track:4UtREbGYnd1nZLckEb5y8J;Carolina - En directo 2000;Sin Enchufe;M-Clan;23/06/1905;263679;60;FALSE;nwy2xzqw3fu5i7s58g14g5uw6;2025-09-07T08:19:13Z;;DRO/EastWest Spain;0.649;0.9;7;-4.135;1;0.0306;0.146;0;0.694;0.86;123.978;4;;;;;;;;;;
spotify:track:6cbyVJ3EBWJ2ay8nffhNhh;Y Nos Dieron las Diez;Esencial Joaquin Sabina;Joaquín Sabina;16/06/2014;301560;32;FALSE;nwy2xzqw3fu5i7s58g14g5uw6;2025-09-07T08:19:13Z;trova,cantautores,nueva trova;Legacy Recordings;0.56;0.373;0;-9.612;1;0.0541;0.754;0;0.197;0.595;163.361;3;;;;;;;;;;
spotify:track:3tORVJDKoY6zLrskPvouaL;Sin ti no soy nada;Estrella De Mar;Amaral;04/02/2002;268706;37;FALSE;nwy2xzqw3fu5i7s58g14g5uw6;2025-09-07T08:19:13Z;;Parlophone Spain;0.686;0.874;9;-3.92;0;0.0512;0.0667;0.00146;0.129;0.563;122.099;4;;;;;;;;;;
spotify:track:0Gb0HHBCpDL3lYqaabpVu8;Son Sueños;A Contracorriente;El Canto Del Loco;01/03/2002;230600;48;FALSE;nwy2xzqw3fu5i7s58g14g5uw6;2025-09-07T08:19:13Z;;Ariola;0.591;0.899;8;-4.427;1;0.0377;0.0351;0;0.102;0.538;128.046;4;;;;;;;;;;
spotify:track:7Lgarpf1OqaXsUTjKZ34mK;Me Falta el Aliento;Estopa;Estopa;18/10/1999;218173;57;FALSE;nwy2xzqw3fu5i7s58g14g5uw6;2025-09-07T08:19:13Z;flamenco,flamenco pop;Ariola;0.53;0.748;0;-9.731;1;0.112;0.204;0.000222;0.338;0.632;124.875;4;;;;;;;;;;
spotify:track:6Z8Q8zSG6xpIKAyH0Z77wb;Entre mis recuerdos;Como la flor prometida;Luz Casal;12/06/1995;217226;58;FALSE;nwy2xzqw3fu5i7s58g14g5uw6;2025-09-07T08:19:13Z;;WM Spain;0.704;0.476;9;-8.235;1;0.0279;0.528;0.000133;0.109;0.429;90.039;4;;;;;;;;;;
spotify:track:29UkXUrWYGoPsxEesEH3qZ;Un Planeta Llamado Nosotros;Un Planeta Llamado Nosotros;Maldita Nerea;31/01/2020;224926;48;FALSE;nwy2xzqw3fu5i7s58g14g5uw6;2025-09-07T08:19:13Z;;Sony Music Entertainment;0.66;0.512;10;-8.085;1;0.066;0.186;0;0.0921;0.819;100.85;4;;;;;;;;;;
spotify:track:6CIDsqMEEsBJf5Cv6RbuGw;Deseos de Cosas Imposibles;Lo Que Te Conte Mientras Te Hacias La Dormida;La Oreja de Van Gogh;25/06/1905;188800;65;FALSE;nwy2xzqw3fu5i7s58g14g5uw6;2025-09-07T08:19:13Z;pop latino;Columbia;0.576;0.757;11;-5.057;1;0.043;0.486;0;0.351;0.586;155.856;4;;;;;;;;;;
spotify:track:3JhllUTyXy2ceSTzNSErBC;Días de verano;Pájaros En La Cabeza;Amaral;14/03/2005;208240;62;FALSE;nwy2xzqw3fu5i7s58g14g5uw6;2025-09-07T08:19:13Z;;Parlophone Spain;0.487;0.842;6;-2.509;0;0.0332;0.418;0.00000228;0.101;0.425;139.781;4;;;;;;;;;;
spotify:track:0VqXrOSgbq1ukARLV4uGU0;Pisando fuerte;Viviendo deprisa;Alejandro Sanz;20/08/1991;269813;66;FALSE;nwy2xzqw3fu5i7s58g14g5uw6;2025-09-07T08:19:13Z;pop latino;WM Spain;0.536;0.628;7;-7.46;1;0.0327;0.446;0;0.0929;0.118;136.867;4;;;;;;;;;;
spotify:track:7ixB1UqUrV87IvACFJayXy;Supersubmarina;Electroviral;Supersubmarina;23/02/2010;246693;54;FALSE;nwy2xzqw3fu5i7s58g14g5uw6;2025-09-07T08:19:13Z;indie;RCA Records Label;0.511;0.915;2;-2.864;1;0.037;0.00201;0.000313;0.227;0.375;147.976;4;;;;;;;;;;
spotify:track:5jW8veZpHmgrGz6qcimuRu;La Camisa Negra;Mi Sangre 2005 Tour Edition;Juanes;01/01/2005;216693;36;FALSE;nwy2xzqw3fu5i7s58g14g5uw6;2025-09-07T08:19:13Z;pop latino,tropipop,rock en español;National Own (UC);0.748;0.721;6;-4.404;0;0.0315;0.0868;0;0.0521;0.97;97.01;4;;;;;;;;;;
spotify:track:7kbdwklxm48OgpCrC3r5ot;Amor de San Juan;Caprichos de Mujer;Niña Pastori;13/10/2009;247173;38;FALSE;nwy2xzqw3fu5i7s58g14g5uw6;2025-09-07T08:19:13Z;flamenco,flamenco pop,villancicos;Ariola;0.734;0.719;0;-6.037;1;0.0626;0.0363;0.0000018;0.0701;0.551;88.513;4;;;;;;;;;;
spotify:track:3JFFnk9XQ9PKNd6ueBc2RK;Malo;Pafuera Telarañas;Bebe;06/05/2003;213079;53;TRUE;nwy2xzqw3fu5i7s58g14g5uw6;2025-09-07T08:19:13Z;;Parlophone Spain;0.777;0.812;1;-6.18;1;0.271;0.759;0.0000688;0.145;0.727;108.159;4;;;;;;;;;;
spotify:track:2O7w4VYV2eScxtZr9EZ3Iu;Tu Mirada Me Hace Grande;Es un Secreto...No Se Lo Digas a Nadie;Maldita Nerea;14/07/2009;258133;23;FALSE;nwy2xzqw3fu5i7s58g14g5uw6;2025-09-07T08:19:13Z;;Ariola;0.522;0.673;7;-7.883;1;0.0335;0.354;0;0.115;0.726;159.999;4;;;;;;;;;;
spotify:track:1mazkL64KQ7h6UZoaxxS46;Cuando Me Vaya (feat. Natalia Jiménez);Pop 2000 en Español;Melocos;;;;;;;;;;;;;;;;;;;;;;;;;;;;;;
spotify:track:30ddpolNHwXlrS5XO8MiiO;Marta, Sebas, Guille y los demás;Pájaros En La Cabeza;Amaral;14/03/2005;223186;64;FALSE;nwy2xzqw3fu5i7s58g14g5uw6;2025-09-07T08:19:13Z;;Parlophone Spain;0.598;0.853;2;-4.559;1;0.0506;0.269;0;0.112;0.66;102.473;4;;;;;;;;;;
spotify:track:4twmehYjvXshw3ViIypIrn;Dos Hombres Y Un Destino;Canciones Inéditas;Bustamante;;;;;;;;;;;;;;;;;;;;;;;;;;;;;;
spotify:track:3F6QDKtaBlaEfI6TLjLIQw;Devuelveme la Vida (with Antonio Orozco);Otra Piel;Malú;;;;;;;;;;;;;;;;;;;;;;;;;;;;;;
spotify:track:6IDgYT1p1n0M5kQVjLQozC;Aprendiz;Aprendiz;Malú;12/07/1998;287626;47;FALSE;nwy2xzqw3fu5i7s58g14g5uw6;2025-09-07T08:19:13Z;flamenco pop,flamenco;Columbia;0.538;0.646;9;-5.818;0;0.046;0.526;0;0.335;0.415;80.429;4;;;;;;;;;;
spotify:track:3l8Ennt1PqShViwh0tkWuc;La Madre de Jose;Estados de Animo;El Canto Del Loco;25/06/1905;191346;59;FALSE;nwy2xzqw3fu5i7s58g14g5uw6;2025-09-07T08:19:13Z;;Ariola;0.629;0.937;1;-2.84;1;0.115;0.293;0;0.0744;0.946;101.022;4;;;;;;;;;;
spotify:track:7dITAq1YP5e0kTcaDq4YWI;Limón y Sal;Limon Y Sal;Julieta Venegas;25/05/2006;205413;75;FALSE;nwy2xzqw3fu5i7s58g14g5uw6;2025-09-07T08:19:13Z;pop latino,rock latino;Ariola;0.634;0.649;11;-6.056;1;0.0255;0.138;0;0.288;0.491;111.03;4;;;;;;;;;;
spotify:track:4sVBWe5oHOvJh4k1HhD0J8;Polvora;Polvora;Leiva;31/01/2014;194933;43;FALSE;nwy2xzqw3fu5i7s58g14g5uw6;2025-09-07T08:19:13Z;;Ariola;0.392;0.335;0;-10.63;1;0.028;0.931;0.000521;0.133;0.228;108.947;4;;;;;;;;;;
spotify:track:1vHY8bEVI7Sg85xNMTDxXM;Ya No Me Acuerdo;¿La Calle Es Tuya?;Estopa;24/02/2004;170053;56;FALSE;nwy2xzqw3fu5i7s58g14g5uw6;2025-09-07T08:19:13Z;flamenco,flamenco pop;Ariola;0.733;0.392;9;-8.906;0;0.0624;0.503;0;0.209;0.423;133.919;4;;;;;;;;;;
spotify:track:0DBFnvrWi43WO354NvL15A;Por Mi Tripa;Aproximaciones;Pereza;2007;227560;43;FALSE;nwy2xzqw3fu5i7s58g14g5uw6;2025-09-07T08:19:13Z;;RCA Records Label;0.596;0.628;11;-6.017;1;0.0285;0.284;0.0000193;0.122;0.631;99.939;4;;;;;;;;;;
spotify:track:2PwlT72CyKMN2WzgCS4yUR;Y Sin Embargo - En Directo;Nos Sobran Los Motivos;Joaquín Sabina;23/06/1905;362906;46;FALSE;nwy2xzqw3fu5i7s58g14g5uw6;2025-09-07T08:19:13Z;trova,cantautores,nueva trova;Ariola;0.628;0.686;7;-6.633;1;0.0376;0.358;0;0.864;0.474;84.446;4;;;;;;;;;;
spotify:track:1tOm6gSUcfZihFZCRPeWB5;Color Esperanza;Un Mundo Diferente;Diego Torres;08/02/2002;267106;15;FALSE;nwy2xzqw3fu5i7s58g14g5uw6;2025-09-07T08:19:13Z;pop latino,tropipop;RCA Records Label;0.619;0.876;7;-6.253;1;0.0538;0.342;0;0.0828;0.772;100.962;4;;;;;;;;;;
spotify:track:4BtggpHp17Ak3RP0LITrue;Partiendo la Pana;Destrangis;Estopa;23/10/2001;240466;56;FALSE;nwy2xzqw3fu5i7s58g14g5uw6;2025-09-07T08:19:13Z;flamenco,flamenco pop;Ariola;0.534;0.693;10;-4.893;0;0.0862;0.496;0;0.0961;0.605;130.904;4;;;;;;;;;;
spotify:track:4M9LB0kuKlZvk2yL26EGve;Esa Chica Es Mía;Sergio Dalma 30...y Tanto;Sergio Dalma;09/11/2019;213391;25;FALSE;nwy2xzqw3fu5i7s58g14g5uw6;2025-09-07T08:19:13Z;;Sony Music Entertainment;0.46;0.656;0;-7.271;0;0.0917;0.0728;0.00000777;0.112;0.419;74.077;4;;;;;;;;;;
spotify:track:6VVBXRsXAuN5UvqKNw7j0l;Cacho a Cacho;Estopa;Estopa;18/10/1999;148746;60;FALSE;nwy2xzqw3fu5i7s58g14g5uw6;2025-09-07T08:19:13Z;flamenco,flamenco pop;Ariola;0.456;0.843;0;-8.682;1;0.0559;0.105;0.00176;0.0939;0.842;79.608;4;;;;;;;;;;
spotify:track:6TTudSWfeluwJ0KTPaRd5g;Atrévete-Te-Te;Calle 13 (Clean Version);Calle 13;29/11/2005;238213;35;FALSE;nwy2xzqw3fu5i7s58g14g5uw6;2025-09-07T08:19:13Z;hip hop latino,música alternativa latina,reggaetón;Sony Music Latin;0.826;0.881;9;-5.915;1;0.104;0.102;0;0.84;0.861;87.977;4;;;;;;;;;;
spotify:track:3uU6dqBjVKRTPis0RrTaT4;Las de la Intuición;Fijación Oral, Vol. 1;Shakira;03/06/2005;220666;27;FALSE;nwy2xzqw3fu5i7s58g14g5uw6;2025-09-07T08:19:13Z;pop latino;Epic;0.728;0.731;2;-7.075;0;0.0347;0.0331;0.351;0.0888;0.602;130.032;4;;;;;;;;;;
spotify:track:3t7xKj2YWeiFm92ApJ2FAt;La Suerte de Mi Vida;Personas;El Canto Del Loco;30/06/1905;218706;59;FALSE;nwy2xzqw3fu5i7s58g14g5uw6;2025-09-07T08:19:13Z;;Epic;0.549;0.822;8;-3.97;1;0.0357;0.0133;0.0000869;0.332;0.681;132.018;4;;;;;;;;;;
spotify:track:3YR2oJx3iA5ThPlepS4LzY;Me Dediqué a Perderte;A Corazón Abierto;Alejandro Fernández;25/10/2004;231773;27;FALSE;nwy2xzqw3fu5i7s58g14g5uw6;2025-09-07T08:19:13Z;mariachi,ranchera,pop latino,bolero;Sony Music Entertainment;0.642;0.442;8;-9.115;1;0.074;0.491;0.00000158;0.102;0.465;148.01;4;;;;;;;;;;
spotify:track:2WoqgtWEBbbBKMDN6Becs7;Corazon Espinado (feat. Mana);Supernatural (Remastered);Santana;;;;;;;;;;;;;;;;;;;;;;;;;;;;;;
spotify:track:3h8KGJn9UFX2cfjN78iMVF;Y Cómo Es El;Iconos;Marc Anthony;24/05/2010;240733;61;FALSE;nwy2xzqw3fu5i7s58g14g5uw6;2025-09-07T08:19:14Z;salsa,merengue,bachata,latina,pop latino;Sony Music Latin;0.481;0.415;0;-5.646;1;0.0323;0.432;0;0.128;0.196;77.472;4;;;;;;;;;;
spotify:track:05A6IM6n3liq04Ql03qfmz;Livin' la Vida Loca - Spanish Version;Esencial Ricky Martin;Ricky Martin;06/07/2018;242946;4;FALSE;nwy2xzqw3fu5i7s58g14g5uw6;2025-09-07T08:19:14Z;pop latino,latina;Legacy Recordings;0.454;0.952;11;-3.037;1;0.0627;0.0121;0;0.0985;0.91;178.059;4;;;;;;;;;;
Track;URI;Track;Name;Album;Name;Artist;Name(s);Release;Date;Duration;(ms);Popularity;Explicit;Added;By;Added;At;Genres;Record;Label;Danceability;Energy;Key;Loudness;Mode;Speechiness;Acousticness;Instrumentalness;Liveness;Valence;Tempo;Time;Signature
spotify:track:0XyMfNTiNv2w73L7USXzv3;Vente Pa' Ca (feat. Wendy);Vente Pa' Ca (feat. Wendy);Ricky Martin;;;;;;;;;;;;;;;;;;;;;;;;;;;;;;
spotify:track:7CnDrJ3mlKBEcAUVAlzUQE;DUELE EL CORAZON (feat. Arcángel & Javada) - Remix;DUELE EL CORAZON (feat. Arcángel & Javada) [Remix];Enrique Iglesias;;;;;;;;;;;;;;;;;;;;;;;;;;;;;;
spotify:track:5l390fUPNwGSi6ECobpc20;Algo Contigo;Visualízate;Gente De Zona;22/04/2016;209280;50;FALSE;franchescoropero;2020-08-30T13:27:01Z;latina,latin dance;Sony Music Latin/Magnus;0.687;0.969;9;-3.179;1;0.0597;0.0444;0;0.0927;0.765;127.961;4;;;;;;;;;;
spotify:track:7Fl3wSxRqBljyQH8dJSz9c;Traidora (feat. Marc Anthony);Visualízate;Gente De Zona;;;;;;;;;;;;;;;;;;;;;;;;;;;;;;
spotify:track:3pI6VigoXHkcL3VYLJfBhq;Vente Pa' Ca (feat. Maluma) - Urban Remix;Vente Pa' Ca (Remixes) (feat. Maluma);Ricky Martin;;;;;;;;;;;;;;;;;;;;;;;;;;;;;;
spotify:track:0Gw9QC3RqHmTdGqHIWLHb6;La Isla del Amor (feat. Maki);Uno;Demarco Flamenco;;;;;;;;;;;;;;;;;;;;;;;;;;;;;;
spotify:track:3QHMxEOAGD51PDlbFPHLyJ;Vivir Mi Vida;3;Marc Anthony;23/07/2013;252346;76;FALSE;franchescoropero;2020-08-30T13:28:53Z;salsa,merengue,bachata,latina,pop latino;Sony Music Latin;0.656;0.877;0;-3.231;0;0.0342;0.345;0;0.349;0.894;105.018;4;;;;;;;;;;
spotify:track:2vvdTrdryjsl8DmPIMDWZU;EL BAÑO;EL BAÑO;Enrique Iglesias;;;;;;;;;;;;;;;;;;;;;;;;;;;;;;
spotify:track:3UI9I3e1g1y5T3SMfdgfGO;Colgando en tus manos (con Marta Sánchez);De mi puño y letra - Edicion Coleccionista;Carlos Baute;;;;;;;;;;;;;;;;;;;;;;;;;;;;;;
spotify:track:6habFhsOp2NvshLv26DqMb;Despacito;VIDA;Luis Fonsi;;;;;;;;;;;;;;;;;;;;;;;;;;;;;;
spotify:track:0OMRAvrtLWE2TvcXorRiB9;La Gozadera (feat. Marc Anthony);Visualízate;Gente De Zona;;;;;;;;;;;;;;;;;;;;;;;;;;;;;;
spotify:track:0Gx4VrHzS7pZOEAGrmXXBH;La Bicicleta;VIVES;Carlos Vives;;;;;;;;;;;;;;;;;;;;;;;;;;;;;;
spotify:track:129lYDVKnWtlJc2PZJviuA;A Dios Le Pido;Un Día Normal;Juanes;01/01/2002;205373;73;FALSE;franchescoropero;2020-08-30T13:30:55Z;pop latino,tropipop,rock en español;Int'l Latin America;0.673;0.84;7;-3.564;1;0.0559;0.0683;0;0.0965;0.94;97.027;4;;;;;;;;;;
spotify:track:7qCAVkHWZkF44OzOUKf8Cr;El Perdón (with Enrique Iglesias);Fénix;Nicky Jam;;;;;;;;;;;;;;;;;;;;;;;;;;;;;;
spotify:track:6DwD0v5OaaYFjQ7EeOOLKW;El Perdedor;Gracias Por Estar Aquí (Deluxe);Enrique Iglesias;;;;;;;;;;;;;;;;;;;;;;;;;;;;;;
spotify:track:2gn1qBdbf5OoMTwYbVKC77;Si No Te Hubieras Ido;40 Años;Marco Antonio Solís;02/09/2016;289133;0;FALSE;franchescoropero;2020-08-30T13:32:35Z;grupera,ranchera,mariachi,pop latino;Universal Music Group;0.736;0.663;0;-4.588;1;0.0235;0.218;0.000169;0.0905;0.467;95.046;4;;;;;;;;;;
spotify:track:0thTVPvkfFVAUYp9tQ0GAX;Si Te Pudiera Mentir;40 Años;Marco Antonio Solís;02/09/2016;263160;0;FALSE;franchescoropero;2020-08-30T13:32:44Z;grupera,ranchera,mariachi,pop latino;Universal Music Group;0.525;0.508;2;-5.077;1;0.0267;0.191;0.00179;0.115;0.222;96.035;4;;;;;;;;;;
spotify:track:4GBYzI0HixQ2z6gPGtNGin;O Me Voy O Te Vas;40 Años;Marco Antonio Solís;02/09/2016;291946;0;FALSE;franchescoropero;2020-08-30T13:32:57Z;grupera,ranchera,mariachi,pop latino;Universal Music Group;0.654;0.664;11;-4.256;1;0.0257;0.157;0.0000406;0.0945;0.434;95.982;4;;;;;;;;;;
spotify:track:2OmOhZj2fxGgBpTsVc18x4;¿A Dónde Vamos A Parar?;40 Años;Marco Antonio Solís;02/09/2016;229506;0;FALSE;franchescoropero;2020-08-30T13:33:17Z;grupera,ranchera,mariachi,pop latino;Universal Music Group;0.368;0.494;0;-4.744;1;0.0297;0.506;0.00478;0.111;0.18;144.3;4;;;;;;;;;;
spotify:track:5fLCM7IRYHKnxZslen6btz;Loco;SEX AND LOVE;Enrique Iglesias;;;;;;;;;;;;;;;;;;;;;;;;;;;;;;
spotify:track:1uo7VyAScB7RjscEyA7yc7;Ayer;Euphoria (Intl 14 track version);Enrique Iglesias;01/01/2010;213600;0;FALSE;franchescoropero;2020-08-30T13:34:02Z;pop latino,latina;Universal Music Group;0.677;0.842;7;-4.511;1;0.034;0.0674;0.00000187;0.142;0.668;139.938;4;;;;;;;;;;
spotify:track:75EveQXAVJzwuEO9gjfyGZ;Bailando - Spanish Version;SEX AND LOVE;Enrique Iglesias;;;;;;;;;;;;;;;;;;;;;;;;;;;;;;
spotify:track:5RJuWtHaZqnHRCVzk1z1uS;Inventame;Trozos De Mi Alma;Marco Antonio Solís;21/06/1905;209386;0;FALSE;franchescoropero;2020-08-30T13:34:26Z;grupera,ranchera,mariachi,pop latino;Fonovisa;0.568;0.616;2;-5.079;1;0.0314;0.198;0.00000631;0.309;0.267;93.07;4;;;;;;;;;;
spotify:track:1iC6iDolyChCB8wTBujAff;Quizás;Quizás;Enrique Iglesias;01/01/2002;251186;63;FALSE;franchescoropero;2020-08-30T13:35:20Z;pop latino,latina;Int'l Other;0.46;0.552;10;-5.911;1;0.0282;0.785;0;0.148;0.111;123.356;4;;;;;;;;;;
spotify:track:4NUt1fcnO9aQAELBgXq3Kr;Me Dediqué a Perderte;A Corazón Abierto;Alejandro Fernández;01/09/2004;231773;79;FALSE;franchescoropero;2020-08-30T13:36:17Z;mariachi,ranchera,pop latino,bolero;Columbia;0.642;0.442;8;-9.115;1;0.074;0.491;0.00000158;0.102;0.465;148.01;4;;;;;;;;;;
spotify:track:3h8KGJn9UFX2cfjN78iMVF;Y Cómo Es El;Iconos;Marc Anthony;24/05/2010;240733;61;FALSE;franchescoropero;2020-08-30T13:37:05Z;salsa,merengue,bachata,latina,pop latino;Sony Music Latin;0.481;0.415;0;-5.646;1;0.0323;0.432;0;0.128;0.196;77.472;4;;;;;;;;;;
spotify:track:2pOkvQHdkBmIicUQNKMH8A;Mentiroso;Quizás;Enrique Iglesias;01/01/2002;235106;57;FALSE;franchescoropero;2020-08-30T13:37:37Z;pop latino,latina;Int'l Other;0.597;0.553;8;-6.967;1;0.0311;0.811;0.000482;0.15;0.318;87.956;4;;;;;;;;;;
spotify:track:5BY0p2EH4EznNZ0MFD9mjt;Me Enamora;La Vida Es Un Ratico;Juanes;01/01/2007;192613;68;FALSE;franchescoropero;2020-08-30T13:48:49Z;pop latino,tropipop,rock en español;National Own (UC);0.676;0.839;4;-3.922;0;0.033;0.0175;0;0.0885;0.891;94.013;4;;;;;;;;;;
spotify:track:1lcaG7worZLgdGuniOfGje;Fruta Fresca;El Amor De Mi Tierra;Carlos Vives;01/01/1999;233093;65;FALSE;franchescoropero;2020-08-30T13:49:16Z;tropipop,vallenato,latina,pop latino;Capitol Latin;0.515;0.878;9;-8.846;0;0.149;0.226;0;0.316;0.732;119.974;4;;;;;;;;;;
spotify:track:5czkBkWogUvTf2jleGyHaQ;Carito;Dejame Entrar;Carlos Vives;01/01/2001;218440;62;FALSE;franchescoropero;2020-08-30T13:50:03Z;tropipop,vallenato,latina,pop latino;Capitol Latin;0.688;0.888;5;-5.323;1;0.0584;0.0313;0;0.0944;0.927;111.06;4;;;;;;;;;;
spotify:track:0wQCKR9OFjYu5Kzrk7WivJ;Corazón partío;Más;Alejandro Sanz;1997;343413;78;FALSE;franchescoropero;2020-08-30T13:50:57Z;pop latino;WM Spain;0.648;0.846;0;-6.731;1;0.0424;0.199;0.00000423;0.0803;0.815;160.075;4;;;;;;;;;;
spotify:track:6Al0Kpd4VrRZ0Z4kTThNPa;Volví a Nacer;Corazón Profundo (Versión Deluxe);Carlos Vives;21/04/2013;222213;69;FALSE;franchescoropero;2020-08-30T13:51:15Z;tropipop,vallenato,latina,pop latino;Sony Music Latin;0.588;0.812;5;-4.172;1;0.0429;0.0171;0;0.111;0.512;97.98;4;;;;;;;;;;
spotify:track:2wlptOJ1g5fvLdu6ruKCKU;Madre Tierra (Oye);En Todo Estaré (Deluxe Edition);Chayanne;25/08/2014;205920;67;FALSE;franchescoropero;2020-08-30T13:51:31Z;pop latino;Sony Music Latin;0.695;0.954;0;-3.501;1;0.0607;0.0183;0;0.249;0.796;124.961;4;;;;;;;;;;
spotify:track:0JC81ojQymAE7l1KuJpNCq;La Cartera;El Amor De Mi Tierra;Carlos Vives;01/01/1999;200080;48;FALSE;franchescoropero;2020-08-30T13:52:16Z;tropipop,vallenato,latina,pop latino;Capitol Latin;0.721;0.704;5;-8.334;1;0.033;0.307;0.00000278;0.208;0.952;96.026;4;;;;;;;;;;
spotify:track:3ljr9ATeLs2BY9gNp7vm62;Corazón En La Maleta;8;Luis Fonsi;01/01/2014;221520;62;FALSE;franchescoropero;2020-08-30T13:52:29Z;latina;UMLE - Latino;0.642;0.639;9;-5.134;1;0.0529;0.027;0;0.0871;0.874;165.977;4;;;;;;;;;;
spotify:track:2ZqFfDwNjKvPu3USx3onhO;Volverte A Ver;Mi Sangre;Juanes;01/01/2004;217560;69;FALSE;franchescoropero;2020-08-30T13:52:38Z;pop latino,tropipop,rock en español;National Own (UC);0.616;0.698;6;-4.932;1;0.0302;0.0555;0;0.208;0.714;85.003;4;;;;;;;;;;
spotify:track:1KbX1VuFIgsRa9JjnQtRYA;Bailar Contigo;Corazón Profundo (Versión Deluxe);Carlos Vives;21/04/2013;252120;58;FALSE;franchescoropero;2020-08-30T13:52:51Z;tropipop,vallenato,latina,pop latino;Sony Music Latin;0.576;0.843;5;-5.034;1;0.0419;0.0159;0;0.0972;0.411;100.019;4;;;;;;;;;;
spotify:track:12H7K15h3aC5vRCaca65el;Tu Amor Me Hace Bien - Salsa Version;Valio La Pena;Marc Anthony;24/06/2004;300160;57;FALSE;franchescoropero;2020-08-30T13:52:59Z;salsa,merengue,bachata,latina,pop latino;Columbia;0.691;0.658;0;-6.496;1;0.0359;0.398;0.0000458;0.112;0.617;97.68;4;;;;;;;;;;
spotify:track:0JcNysfWVWaMS7R6vzGB2k;Robarte un Beso;VIVES;Carlos Vives;;;;;;;;;;;;;;;;;;;;;;;;;;;;;;
spotify:track:609SDGj0txmlAXRrpwee9Y;Llegaste Tú;8;Luis Fonsi;;;;;;;;;;;;;;;;;;;;;;;;;;;;;;
spotify:track:1O34fFJyV7djSqRtOuRSVh;Si Me Das Tu Amor;Si Me Das Tu Amor;Carlos Vives;;;;;;;;;;;;;;;;;;;;;;;;;;;;;;
spotify:track:2EM9zpAc7PVeoAydmbfVIL;La Camisa Negra;Mi Sangre;Juanes;01/01/2004;216706;74;FALSE;franchescoropero;2020-08-30T13:54:16Z;pop latino,tropipop,rock en español;National Own (UC);0.751;0.731;6;-4.419;0;0.0308;0.0838;0;0.0556;0.973;97.007;4;;;;;;;;;;
spotify:track:0fmgOwkb9AwgzXhYVSZRDs;Te regalo;Baute;Carlos Baute;18/07/2005;169720;64;FALSE;franchescoropero;2020-08-30T13:54:30Z;pop latino;WM Spain;0.713;0.699;6;-6.426;1;0.0376;0.533;0;0.112;0.753;100.079;4;;;;;;;;;;
spotify:track:2s66rxdujHHVhNNnJfgL2D;Voy A Olvidarme De Mi;El Rock De Mi Pueblo;Carlos Vives;01/01/2004;214813;50;FALSE;franchescoropero;2020-08-30T13:54:42Z;tropipop,vallenato,latina,pop latino;Capitol Latin;0.56;0.525;9;-8.419;1;0.032;0.124;0;0.103;0.377;141.985;4;;;;;;;;;;
spotify:track:3nUNwSYEUv9bmUc3de0Owv;Qué Me Has Hecho (feat. Wisin);Qué Me Has Hecho (feat. Wisin);Chayanne;;;;;;;;;;;;;;;;;;;;;;;;;;;;;;
spotify:track:7nKBxz47S9SD79N086fuhn;SUBEME LA RADIO;SUBEME LA RADIO (feat. Descemer Bueno & Zion & Lennox);Enrique Iglesias;;;;;;;;;;;;;;;;;;;;;;;;;;;;;;
spotify:track:12HWO1YYMV9HEqQpava5zm;"Yo Contigo, Tú Conmigo - The Gong Gong Song / El Tema De La Película ""Gru 3 Mi Villano Favorito""";Mar De Colores (Versión Extendida);Morat;;;;;;;;;;;;;;;;;;;;;;;;;;;;;;
spotify:track:4PHX6bpHDxiR9RGzAKWcyk;Cuando Me Enamoro;Euphoria;Enrique Iglesias;;;;;;;;;;;;;;;;;;;;;;;;;;;;;;
spotify:track:6YZdkObH88npeKrrkb8Ggf;DUELE EL CORAZON (feat. Wisin);DUELE EL CORAZON (feat. Wisin);Enrique Iglesias;;;;;;;;;;;;;;;;;;;;;;;;;;;;;;
spotify:track:4bd65mDKdhgKngKlF4Q1pZ;Ando buscando (feat. Piso 21);De amor y dolor;Carlos Baute;;;;;;;;;;;;;;;;;;;;;;;;;;;;;;
spotify:track:5D5UwU5aFtcqxkqlCh1qKs;Te sigo pensando;Te sigo pensando;Carlos Baute;;;;;;;;;;;;;;;;;;;;;;;;;;;;;;
spotify:track:0bEA0mMgXheXnahvIbIQfg;Bailando - Spanish Version;SEX AND LOVE;Enrique Iglesias;;;;;;;;;;;;;;;;;;;;;;;;;;;;;;
spotify:track:2IAtnd4UG52HQP9Rwart5h;La Bomba;Vuelve;Ricky Martin;10/02/1998;274466;57;FALSE;franchescoropero;2020-08-30T14:02:45Z;pop latino,latina;SMI Artist;0.715;0.949;10;-5.88;0;0.0792;0.0841;0.0000358;0.165;0.845;99.198;4;;;;;;;;;;
spotify:track:0QQHPRbgLJJ5XNzJV1l9BW;María;A Medio Vivir;Ricky Martin;12/09/1995;262573;61;FALSE;franchescoropero;2020-08-30T14:03:52Z;pop latino,latina;Sony Discos;0.723;0.914;7;-5.598;0;0.0663;0.0726;0.0000212;0.95;0.968;101.181;4;;;;;;;;;;
spotify:track:709CndJJB3GTUhQD0LLFse;Torero;Grandes Exitos;Chayanne;2002;217426;61;FALSE;franchescoropero;2020-08-30T14:04:16Z;pop latino;Pop Music;0.7;0.967;8;-3.462;0;0.0463;0.073;0;0.333;0.962;136.045;4;;;;;;;;;;
spotify:track:4ti5pZ0zs1PDf1eQswskFB;She Bangs - Spanish Version;Sound Loaded;Ricky Martin;22/06/1905;277040;52;FALSE;franchescoropero;2020-08-30T14:04:53Z;pop latino,latina;Columbia;0.648;0.971;1;-3.299;1;0.0897;0.00272;0;0.317;0.857;143.966;4;;;;;;;;;;
spotify:track:1XYwlFvi9yPNruCanSJ3WP;When I Dream at Night;Marc Anthony;Marc Anthony;28/09/1999;260293;43;FALSE;franchescoropero;2020-08-30T14:05:55Z;salsa,merengue,bachata,latina,pop latino;Columbia;0.537;0.899;2;-5.405;0;0.092;0.482;0.0000313;0.0818;0.548;167.79;4;;;;;;;;;;
spotify:track:0jMU9W1kcLyxXYloMHCt2i;La Copa Rota;3;Marc Anthony;23/07/2013;209440;45;FALSE;franchescoropero;2020-08-30T14:06:48Z;salsa,merengue,bachata,latina,pop latino;Sony Music Latin;0.657;0.519;7;-8.303;0;0.0441;0.706;0;0.205;0.492;98.991;4;;;;;;;;;;
spotify:track:0kc6sK1HPC5fqj2dQsEraZ;La Última Noche;Tal Cual Es;Diego Torres;21/06/1905;277866;44;FALSE;franchescoropero;2020-08-30T14:07:32Z;pop latino,tropipop;RCA Records Label;0.61;0.634;8;-7.15;0;0.0324;0.175;0.00000216;0.0864;0.587;153.899;4;;;;;;;;;;
spotify:track:1DmlUpnkg4N1VWquSoffF1;Y, ¿Si fuera ella?;Más;Alejandro Sanz;19/06/1905;323026;72;FALSE;franchescoropero;2020-08-30T14:08:07Z;pop latino;WM Spain;0.428;0.556;1;-4.967;1;0.0407;0.659;0;0.115;0.162;150.732;4;;;;;;;;;;
spotify:track:4gTxKZH5RERMhX9H8EnPAX;Abrázame Muy Fuerte;Iconos;Marc Anthony;24/05/2010;274680;52;FALSE;franchescoropero;2020-08-30T14:08:29Z;salsa,merengue,bachata,latina,pop latino;Sony Music Latin;0.419;0.494;4;-7.286;0;0.0428;0.595;0;0.242;0.293;133.977;4;;;;;;;;;;
spotify:track:4rB9Ji4iw2CKDjuaU3djPd;Volver a Comenzar;3;Marc Anthony;23/07/2013;276626;48;FALSE;franchescoropero;2020-08-30T14:10:21Z;salsa,merengue,bachata,latina,pop latino;Sony Music Latin;0.422;0.881;9;-3.998;0;0.0389;0.567;0.00000217;0.137;0.891;170.839;4;;;;;;;;;;
spotify:track:6ngLct6z0pCqJcevM11HDH;A Quién Quiero Mentirle;Iconos;Marc Anthony;24/05/2010;253173;56;FALSE;franchescoropero;2020-08-30T14:10:51Z;salsa,merengue,bachata,latina,pop latino;Sony Music Latin;0.378;0.515;11;-7.277;1;0.0339;0.39;0;0.0637;0.315;72.743;4;;;;;;;;;;
spotify:track:1rjHJSGgt10GAtgLrDtHTM;Private Emotion (feat. Meja);Ricky Martin;Ricky Martin;;;;;;;;;;;;;;;;;;;;;;;;;;;;;;
spotify:track:64cQ79mesIAszcHRGS6px7;Un Zombie A La Intemperie;Sirope;Alejandro Sanz;04/05/2015;301115;35;FALSE;franchescoropero;2020-08-30T14:11:44Z;pop latino;Universal Music Spain S.L.;0.349;0.568;9;-6.706;1;0.0804;0.391;0;0.134;0.301;84.001;4;;;;;;;;;;
spotify:track:5yjA8BscTvoceGWY2P1I8F;Come with Me - Spanglish Version;Come with Me (Spanglish Version);Ricky Martin;15/07/2013;217920;41;FALSE;franchescoropero;2020-08-30T14:11:57Z;pop latino,latina;Sony Music Latin;0.617;0.917;1;-2.137;0;0.0463;0.0828;0;0.0742;0.515;124.904;4;;;;;;;;;;
spotify:track:47TyfLrGhYHHyyQWk64d0M;Flor Pálida;3;Marc Anthony;23/07/2013;280453;72;FALSE;franchescoropero;2020-08-30T14:12:24Z;salsa,merengue,bachata,latina,pop latino;Sony Music Latin;0.574;0.802;7;-3.976;1;0.0316;0.659;0.00000507;0.0765;0.739;93.537;4;;;;;;;;;;
spotify:track:4LdtAljggvH4qzlxNxo559;Girasoles;Girasoles;Luis Fonsi;30/04/2020;171013;41;FALSE;franchescoropero;2020-08-30T14:14:08Z;latina;UMLE - Latino;0.481;0.368;9;-7.348;1;0.0424;0.675;0;0.111;0.403;87.084;4;;;;;;;;;;
spotify:track:4v4pC1y5UI5oHdcluJIJs8;Apaga La Luz;VIDA;Luis Fonsi;01/02/2019;212306;36;FALSE;franchescoropero;2020-08-30T14:14:26Z;latina;UMLE - Latino;0.809;0.79;8;-4.534;1;0.0602;0.135;0;0.323;0.791;106.93;4;;;;;;;;;;
spotify:track:0BOm90PDLRJpTSqqd6z52E;Sola;Sola;Luis Fonsi;23/01/2019;205466;40;FALSE;franchescoropero;2020-08-30T14:14:44Z;latina;UMLE - Latino;0.569;0.526;6;-6.67;0;0.359;0.506;0;0.0708;0.474;124.969;5;;;;;;;;;;
spotify:track:5CtI0qwDJkDQGwXD1H1cLb;Despacito - Remix;Despacito Feat. Justin Bieber (Remix);Luis Fonsi;;;;;;;;;;;;;;;;;;;;;;;;;;;;;;
spotify:track:32lm3769IRfcnrQV11LO4E;Bailando - Spanish Version;SEX AND LOVE (Deluxe);Enrique Iglesias;;;;;;;;;;;;;;;;;;;;;;;;;;;;;;
spotify:track:59FYUvlodY7NCZGHk7yJt1;Escape;Escape;Enrique Iglesias;23/06/1905;208626;0;FALSE;franchescoropero;2020-08-30T14:26:00Z;pop latino,latina;Universal Music Group;0.775;0.855;11;-5.323;1;0.0301;0.0302;0.000406;0.125;0.879;125.981;4;;;;;;;;;;
spotify:track:2iIZl5EIhmoxX7j3xXv467;¿Dónde Están Corazón?;UNO (95/08);Enrique Iglesias;01/01/2008;259000;0;FALSE;franchescoropero;2020-08-30T14:26:11Z;pop latino,latina;National Own;0.723;0.671;9;-5.448;0;0.028;0.0919;0;0.0768;0.748;75.983;4;;;;;;;;;;
spotify:track:35Vle8dEPRW22MGQsqj0vq;Tonight (I'm Fuckin' You);Euphoria;Enrique Iglesias;;;;;;;;;;;;;;;;;;;;;;;;;;;;;;
spotify:track:79gkHjNTSyGPXEyGkNQ8zH;Cuando Me Enamoro;Euphoria (Standard US/Latin version);Enrique Iglesias;;;;;;;;;;;;;;;;;;;;;;;;;;;;;;
spotify:track:436EpHvGoKO3DgaSeD9lW8;No Me Digas Que No;Euphoria (Standard US/Latin version);Enrique Iglesias;;;;;;;;;;;;;;;;;;;;;;;;;;;;;;
spotify:track:6yjsa6c8nSGQqXF12vFSpp;Loco;SEX AND LOVE (Deluxe);Enrique Iglesias;;;;;;;;;;;;;;;;;;;;;;;;;;;;;;
spotify:track:22dXe7z6yWeDMEIJCF644v;Noche Y De Dia;SEX AND LOVE (Deluxe);Enrique Iglesias;;;;;;;;;;;;;;;;;;;;;;;;;;;;;;
spotify:track:4jMu6QYon1JEikcdTJ1TzR;El Perdedor;SEX AND LOVE (Deluxe);Enrique Iglesias;;;;;;;;;;;;;;;;;;;;;;;;;;;;;;
spotify:track:1OXHnIZaBGRdXT9GfyZa7G;Bailamos - Wild Wild West/Soundtrack Version;UNO (95/08) [Regular USA];Enrique Iglesias;01/01/2008;214693;0;FALSE;franchescoropero;2020-08-30T14:28:51Z;pop latino,latina;Universal Music Group;0.63;0.879;9;-4.517;0;0.039;0.0474;0.0041;0.142;0.587;99.891;4;;;;;;;;;;
spotify:track:74JCCEoIbiS0QFPCDB6RON;Mentiroso;Greatest Hits;Enrique Iglesias;04/10/2019;235120;22;FALSE;franchescoropero;2020-08-30T14:29:12Z;pop latino,latina;UMLE - Latino;0.598;0.56;8;-6.936;1;0.0306;0.83;0.00028;0.161;0.289;87.996;4;;;;;;;;;;
spotify:track:6ZBXuJ1pc7QkhzMXls2IBG;Nunca Te Olvidaré;UNO (95/08);Enrique Iglesias;01/01/2008;263800;0;FALSE;franchescoropero;2020-08-30T14:29:27Z;pop latino,latina;National Own;0.347;0.517;4;-5.63;1;0.0289;0.85;0.00000105;0.139;0.265;90.222;4;;;;;;;;;;
spotify:track:2L9jPTSCT5K0gkgpXONyMK;Si Tú Te Vas;Enrique Iglesias;Enrique Iglesias;1995;241000;0;FALSE;franchescoropero;2020-08-30T14:29:43Z;pop latino,latina;Universal Music Latino;0.501;0.524;11;-5.571;1;0.027;0.427;0.00000181;0.114;0.248;137.368;4;;;;;;;;;;
spotify:track:5T8gItTwZ8MxsQHHTEOSGu;DUELE EL CORAZON (English Version) (feat. Tinashe & Javada);DUELE EL CORAZON (English Version) (feat. Tinashe & Javada);Enrique Iglesias;;;;;;;;;;;;;;;;;;;;;;;;;;;;;;
spotify:track:1BuTNbYxxFYezD1tT8AJR9;MOVE TO MIAMI;MOVE TO MIAMI;Enrique Iglesias;;;;;;;;;;;;;;;;;;;;;;;;;;;;;;
spotify:track:3FifroUyur8j5mTM78WuXQ;Ay Haiti!;Ay Haiti!;Alejandro Sanz;;;;;;;;;;;;;;;;;;;;;;;;;;;;;;
spotify:track:3b1IQflSLrgzYQPGFzI9cl;Es Por Ti;Un Día Normal;Juanes;01/01/2002;250693;77;FALSE;franchescoropero;2020-08-30T14:38:42Z;pop latino,tropipop,rock en español;Int'l Latin America;0.696;0.758;4;-6.077;1;0.0263;0.172;0.0000309;0.189;0.858;129.944;4;;;;;;;;;;
spotify:track:4QLPUyOsRUTnoW8h7HFbZX;Mala Gente;Un Día Normal;Juanes;01/01/2002;196893;59;FALSE;franchescoropero;2020-08-30T14:39:27Z;pop latino,tropipop,rock en español;Int'l Latin America;0.663;0.851;6;-3.007;0;0.0491;0.0992;0;0.0771;0.921;95.019;4;;;;;;;;;;
spotify:track:18sWPBeCwhEDv87OnY43gV;Una Flor;Loco De Amor (Tour Edition);Juanes;29/06/2015;227586;30;FALSE;franchescoropero;2020-08-30T14:39:37Z;pop latino,tropipop,rock en español;National Own;0.58;0.864;6;-5.971;1;0.0354;0.0646;0;0.0815;0.817;162.984;4;;;;;;;;;;
spotify:track:1NC5LcAmP5gJcLWVl5tJvv;La Flaca (feat. Juanes);La Flaca (feat. Juanes);Santana;;;;;;;;;;;;;;;;;;;;;;;;;;;;;;
spotify:track:1sJFu2pvYJhtEOo9oVe1TZ;Me Enamoré de Ti;No Hay Imposibles;Chayanne;23/02/2010;263666;67;FALSE;franchescoropero;2020-08-30T14:44:07Z;pop latino;Sony Music Latin;0.521;0.566;9;-7.441;1;0.0329;0.0747;0;0.244;0.654;149.855;4;;;;;;;;;;
spotify:track:4lerOTNr2tFWJCAmmhymhi;No Me Doy Por Vencido;Palabras Del Silencio (Edición Aniversario - Un Año Despues);Luis Fonsi;30/06/1905;239400;70;FALSE;franchescoropero;2020-09-02T05:12:05Z;latina;UMLE - Latino;0.31;0.663;3;-6.075;1;0.101;0.44;0;0.609;0.407;172.768;3;;;;;;;;;;
spotify:track:4AkrkORGjiz7c90mwxAvdW;Heroe;Escape;Enrique Iglesias;01/01/2001;263600;65;FALSE;franchescoropero;2020-09-02T05:12:25Z;pop latino,latina;Interscope;0.558;0.573;7;-6.244;1;0.0334;0.159;0.00000249;0.116;0.193;75.973;4;;;;;;;;;;
spotify:track:2z0z5ddJS3K7qvhp4PH0Aa;Dímelo;Insomniac;Enrique Iglesias;01/01/2007;217933;63;FALSE;franchescoropero;2020-09-02T05:12:40Z;pop latino,latina;Interscope;0.783;0.737;8;-4.432;1;0.0413;0.0608;0;0.0382;0.849;114.994;4;;;;;;;;;;
spotify:track:4pUmQqaZklcCOB3rFdWc7g;Valió la Pena - Salsa Version;Sigo Siendo Yo;Marc Anthony;30/06/2006;289293;53;FALSE;franchescoropero;2020-09-02T16:45:49Z;salsa,merengue,bachata,latina,pop latino;Sony Music Latin;0.525;0.704;9;-5.801;0;0.0501;0.353;0.00000526;0.0743;0.855;98.455;4;;;;;;;;;;
spotify:track:5DL6BDuqhnQw8HfIvUYkm9;Caballero;Caballero;Alejandro Fernández;03/10/2019;228506;55;FALSE;franchescoropero;2020-09-02T16:47:37Z;mariachi,ranchera,pop latino,bolero;UMLE - Latino;0.504;0.411;11;-6.904;1;0.0326;0.118;0;0.146;0.533;101.596;4;;;;;;;;;;
spotify:track:2MnKininlD8bY9ggRNSJ37;Qué Precio Tiene el Cielo - Salsa Version;Sigo Siendo Yo;Marc Anthony;30/06/2006;302946;68;FALSE;franchescoropero;2020-09-02T16:47:54Z;salsa,merengue,bachata,latina,pop latino;Sony Music Latin;0.42;0.843;7;-4.692;1;0.0647;0.248;0;0.078;0.539;173.91;4;;;;;;;;;;
spotify:track:2aVPVddEvqcN9Kodu9ugJi;Como un atleta;Como un atleta;Carlos Baute;02/09/2020;189524;16;FALSE;franchescoropero;2020-09-07T10:24:09Z;pop latino;WM Spain;0.519;0.809;7;-4.883;0;0.112;0.155;0;0.34;0.757;113.863;4;;;;;;;;;;
spotify:track:0TJ1Bph2IzwbrvYjV1aNIN;Te sigo pensando;De amor y dolor;Carlos Baute;;;;;;;;;;;;;;;;;;;;;;;;;;;;;;
spotify:track:2NmcBz9vHetwgDSsEz7ivE;Vamo' a la calle (feat. Chyno Miranda) - RMX;De amor y dolor;Carlos Baute;;;;;;;;;;;;;;;;;;;;;;;;;;;;;;
spotify:track:5lwVd35Zg6DJ4qibVMq99H;Date La Vuelta;Date La Vuelta;Luis Fonsi;;;;;;;;;;;;;;;;;;;;;;;;;;;;;;
spotify:track:1U69jy6P8Kz0hdNOuzbRCk;Morenita;¡Viva la Reina de México!;Marco Antonio Solís;01/12/2011;169133;45;FALSE;franchescoropero;2020-09-11T11:29:31Z;grupera,ranchera,mariachi,pop latino;Catapult;0.584;0.855;0;-4.536;1;0.0564;0.0216;0.0000038;0.119;0.863;111.085;4;;;;;;;;;;
spotify:track:6HboVMO4VF8gQUtR6ZQttz;Los Huesos;Los Huesos;Dani Martín;;;;;;;;;;;;;;;;;;;;;;;;;;;;;;
spotify:track:1mlGScrDQqHqmhdIqE8MmA;Besos En Guerra;Balas Perdidas;Morat;;;;;;;;;;;;;;;;;;;;;;;;;;;;;;
spotify:track:0Ttqiz6DNvPkThvbnr9vYJ;Solo Si Es Contigo;Solo Si Es Contigo;Bombai;;;;;;;;;;;;;;;;;;;;;;;;;;;;;;
spotify:track:2es7AohVgF03LwjmQyaVMl;Torero;Chayanne;Chayanne;20/06/1905;218560;63;FALSE;franchescoropero;2020-09-14T09:58:21Z;pop latino;Sony Music Latin;0.701;0.966;8;-3.502;0;0.045;0.0723;0;0.329;0.961;136.026;4;;;;;;;;;;
spotify:track:0mlAOSILGRys2IbvyOT5VJ;Échame La Culpa;VIDA;Luis Fonsi;;;;;;;;;;;;;;;;;;;;;;;;;;;;;;
spotify:track:1uwPEGzopXl9KawQR1JGXq;Deja Que Te Bese;Deja Que Te Bese;Alejandro Sanz;;;;;;;;;;;;;;;;;;;;;;;;;;;;;;
spotify:track:5UtF2wWiAwUbwRHQ4HCuft;Perdonarme (feat. Taburete);Perdonarme (feat. Taburete);Café Quijano;;;;;;;;;;;;;;;;;;;;;;;;;;;;;;
spotify:track:7H0PDJwUMTdwQEBb3gXMeI;Desde Brasil;La taberna del Buda;Café Quijano;25/05/2001;232640;61;FALSE;franchescoropero;2020-09-14T15:29:33Z;bolero,rock en español;WM Spain;0.631;0.879;6;-5.476;0;0.0324;0.329;0.000378;0.0805;0.847;156.12;4;;;;;;;;;;
spotify:track:3TRcOhd9iGEc4GObUbK2GB;Me enamoras con todo;Orígenes: El Bolero Vol.3;Café Quijano;02/12/2014;223962;49;FALSE;franchescoropero;2020-09-14T15:29:49Z;bolero,rock en español;WM Spain;0.729;0.784;9;-5.791;1;0.0346;0.499;0.213;0.213;0.926;140.036;4;;;;;;;;;;
spotify:track:40A11dg6RXzfDrwMrw5sED;La taberna del Buda;La taberna del Buda;Café Quijano;25/05/2001;226906;59;FALSE;franchescoropero;2020-09-14T15:30:03Z;bolero,rock en español;WM Spain;0.655;0.968;11;-4.93;0;0.045;0.203;0.147;0.0447;0.974;162.153;4;;;;;;;;;;
spotify:track:3x5e0oHuy9ViEbPYCKKsCz;Mexicana (feat. Lila Downs);Mexicana (feat. Lila Downs);Café Quijano;;;;;;;;;;;;;;;;;;;;;;;;;;;;;;
spotify:track:1MR7kwtUMcTKHwPCmRHGJn;Cerrando bares;Que grande es esto del amor (Ed. Especial);Café Quijano;04/11/2003;238240;37;FALSE;franchescoropero;2020-09-14T15:31:33Z;bolero,rock en español;WM Spain;0.497;0.785;6;-4.583;0;0.0807;0.411;0.0000043;0.368;0.626;155.169;4;;;;;;;;;;
spotify:track:4XdePl1vOF1cYjTBYeYU9j;20 de Enero;Lo Que Te Conte Mientras Te Hacias La Dormida;La Oreja de Van Gogh;2003;223000;67;FALSE;franchescoropero;2020-09-14T15:41:09Z;pop latino;Columbia;0.593;0.893;0;-4.047;1;0.0349;0.38;0.000603;0.156;0.643;145.029;4;;;;;;;;;;
spotify:track:4uofaK0hnyZQFDAepvPNl6;El Ultimo Vals;A las Cinco en el Astoria;La Oreja de Van Gogh;30/09/2008;204733;60;FALSE;franchescoropero;2020-09-14T15:43:35Z;pop latino;Columbia (BMG Spain);0.594;0.801;7;-4.788;0;0.0257;0.128;0;0.0901;0.609;137.981;4;;;;;;;;;;
spotify:track:4QkQmdvFjEVvjc1ONi6t6N;Bailar Pegados;Sintiendonos La Piel;Sergio Dalma;01/01/1991;276640;57;FALSE;franchescoropero;2020-09-14T15:43:47Z;;Universal Music Spain S.L.;0.511;0.42;0;-13.003;1;0.0306;0.529;0;0.129;0.218;143.566;4;;;;;;;;;;
spotify:track:3UIENhLRdFIOuRan92cAQu;En algún lugar;El Grito Del Tiempo;Duncan Dhu;17/01/1987;235626;75;FALSE;franchescoropero;2020-09-14T15:44:17Z;rock en español,rock latino;DRO/EastWest Spain;0.527;0.859;7;-6.685;1;0.0687;0.176;0.0866;0.157;0.443;74.214;4;;;;;;;;;;
spotify:track:4910k16mQrBB1YHwDU4XHJ;Es por ti;En Directo: Grandes Exitos;Cómplices;03/06/2003;271013;45;FALSE;franchescoropero;2020-09-14T15:49:39Z;rock en español,rock latino;WM Spain;0.61;0.87;9;-3.707;0;0.0376;0.443;0.00000299;0.9;0.387;128.065;4;;;;;;;;;;
spotify:track:6Eftf3XLMULjwKItj0sNwe;Mil Calles Llevan Hacia Tí;Mil Calles Llevan Hacia Tí (1983-2005);La Guardia;01/01/2005;251733;39;FALSE;franchescoropero;2020-09-14T15:50:23Z;;Kainós Producciones;0.412;0.943;9;-3.312;1;0.0763;0.408;0;0.929;0.734;169.462;4;;;;;;;;;;
spotify:track:0otMuzDjTkpJFizLiHTAhE;Sueño su Boca - Radio Latin Dance;Sueño Su Boca;Raul;03/11/2000;235226;0;FALSE;franchescoropero;2020-09-14T16:08:05Z;;Krapes;0.732;0.89;7;-7.988;1;0.0572;0.126;0.0000272;0.292;0.693;119.985;4;;;;;;;;;;
spotify:track:7ffwRz8lZyDOE4Vj58Lo72;I Need to Know;Marc Anthony;Marc Anthony;28/09/1999;227706;53;FALSE;franchescoropero;2020-09-18T08:24:03Z;salsa,merengue,bachata,latina,pop latino;Columbia;0.813;0.949;3;-2.563;0;0.0336;0.486;0.00000975;0.112;0.792;115.061;4;;;;;;;;;;
spotify:track:0W8NvcMsIuygeFnfNz2KnC;Lo Que Te Di;OPUS;Marc Anthony;10/05/2019;241760;47;FALSE;franchescoropero;2020-09-18T08:30:36Z;salsa,merengue,bachata,latina,pop latino;Sony Music Latin;0.714;0.891;2;-4.223;1;0.0344;0.608;0.00000671;0.288;0.652;97.073;4;;;;;;;;;;
spotify:track:3yEtuhGR8jOtusa29jWrhG;Tu Amor Me Hace Bien - Salsa Version;Valio La Pena;Marc Anthony;27/07/2004;300160;73;FALSE;franchescoropero;2020-09-18T08:31:52Z;salsa,merengue,bachata,latina,pop latino;Dance Music;0.691;0.658;0;-6.496;1;0.0359;0.398;0.0000458;0.112;0.617;97.68;4;;;;;;;;;;
spotify:track:0dqfl4l45vqw2TnNrnbsy0;Parecen Viernes;OPUS;Marc Anthony;10/05/2019;268440;61;FALSE;franchescoropero;2020-09-18T08:32:33Z;salsa,merengue,bachata,latina,pop latino;Sony Music Latin;0.658;0.863;7;-3.575;0;0.0352;0.287;0.0000153;0.16;0.967;96.499;4;;;;;;;;;;
spotify:track:1WmbJDE80IrPTt2zC416Fp;Alguien Soy Yo;Insomniac (New International Version Spanish);Enrique Iglesias;29/06/1905;239146;50;FALSE;franchescoropero;2020-09-30T11:57:38Z;pop latino,latina;Interscope;0.655;0.551;8;-7.509;1;0.0258;0.285;0;0.101;0.382;83.023;4;;;;;;;;;;
spotify:track:4QubLlsaYXoQH3CxGxuTry;Se Me Va La Voz;Dos Mundos - Evolución;Alejandro Fernández;01/01/2009;240240;65;FALSE;franchescoropero;2020-09-30T11:58:50Z;mariachi,ranchera,pop latino,bolero;National Own;0.605;0.711;4;-5.797;1;0.0249;0.254;0;0.341;0.435;90.017;4;;;;;;;;;;
spotify:track:3wp08WucxF6qX77ONqflOX;Con la mano levantá;Ingravitto;Macaco;03/04/2006;202373;37;FALSE;franchescoropero;2020-09-30T12:00:13Z;reggae en español,música alternativa latina;Parlophone Spain;0.828;0.674;8;-4.654;1;0.0446;0.242;0.000382;0.0476;0.89;110.016;4;;;;;;;;;;
spotify:track:4hMCHkjf1BkWWmWcV1mSTP;Reina de los angelotes;Assalto;Huecco;22/04/2008;168133;41;FALSE;franchescoropero;2020-09-30T12:00:35Z;flamenco pop;WM Spain;0.687;0.942;1;-4.1;1;0.0401;0.107;0;0.086;0.949;100.976;4;;;;;;;;;;
spotify:track:16IT9SCs4vy4qmCfuujX7M;Más;Más Música + Alma + Sexo;Ricky Martin;15/11/2011;248693;49;FALSE;franchescoropero;2020-09-30T12:01:47Z;pop latino,latina;Sony Music Latin;0.681;0.842;4;-6.152;0;0.0547;0.0162;0;0.0817;0.56;123.949;4;;;;;;;;;;
spotify:track:0HB3gmAMC46FIPFoebTbk5;Tu Amor Eterno;El Amor De Mi Tierra;Carlos Vives;01/01/1999;243893;48;FALSE;franchescoropero;2020-09-30T12:02:09Z;tropipop,vallenato,latina,pop latino;Capitol Latin;0.718;0.85;6;-8.987;0;0.0484;0.238;0.0000124;0.136;0.721;93.028;4;;;;;;;;;;
spotify:track:5NSJ0qoxwbO26tVvqpL4N2;Un Siglo Sin Ti;Chayanne;Chayanne;20/06/1905;281026;73;FALSE;franchescoropero;2020-09-30T12:02:33Z;pop latino;Sony Music Latin;0.611;0.674;7;-6.143;0;0.0279;0.0961;0;0.129;0.261;133.906;4;;;;;;;;;;
spotify:track:36NOKjPLZVSqVJSC7iOHIm;Despacito;Despacito (Versión Pop);Luis Fonsi;;;;;;;;;;;;;;;;;;;;;;;;;;;;;;
spotify:track:5AQLjavd2v3c0zomyWupm7;Amor y dolor;De amor y dolor;Carlos Baute;;;;;;;;;;;;;;;;;;;;;;;;;;;;;;
spotify:track:7lOzUJzsELALh5FQsPKTEn;Humanos a Marte;En Todo Estaré (Deluxe Edition);Chayanne;25/08/2014;225986;70;FALSE;franchescoropero;2020-09-30T13:05:16Z;pop latino;Sony Music Latin;0.69;0.902;6;-4.269;0;0.0407;0.112;0;0.175;0.786;92.988;4;;;;;;;;;;
spotify:track:5XeSiH1cHcz1Lqzxj4qk5P;SUBEME LA RADIO REMIX;SUBEME LA RADIO REMIX;Enrique Iglesias;;;;;;;;;;;;;;;;;;;;;;;;;;;;;;
spotify:track:00i0O74dXdaKKdCrqHnfXm;La Mordidita (feat. Yotuel);A Quien Quiera Escuchar (Deluxe Edition);Ricky Martin;;;;;;;;;;;;;;;;;;;;;;;;;;;;;;
spotify:track:1ySwd43oWXbrytN2BD0Mhb;"Bailamos - From ""Wild Wild West""";Enrique;Enrique Iglesias;23/11/1999;212693;66;FALSE;franchescoropero;2020-09-30T13:06:04Z;pop latino,latina;Interscope;0.629;0.885;7;-4.508;1;0.0384;0.0532;0.00252;0.105;0.567;99.881;4;;;;;;;;;;
spotify:track:1lD3UtE3IVQGpSw7JL11BZ;Noche Y De Dia;SEX AND LOVE;Enrique Iglesias;;;;;;;;;;;;;;;;;;;;;;;;;;;;;;
spotify:track:5yJCrSdwrLFzboxg0z9xMd;Al Filo de Tu Amor;VIVES;Carlos Vives;10/11/2017;217020;51;FALSE;franchescoropero;2020-09-30T13:07:12Z;tropipop,vallenato,latina,pop latino;Sony Music Latin;0.721;0.896;1;-5.023;0;0.0574;0.0495;0;0.138;0.838;97.988;4;;;;;;;;;;
spotify:track:2jNqxXMkVVpEvjvvwvUDDD;Dejame Entrar;Dejame Entrar;Carlos Vives;01/01/2001;240760;57;FALSE;franchescoropero;2020-09-30T13:09:58Z;tropipop,vallenato,latina,pop latino;Capitol Latin;0.668;0.727;7;-8.483;1;0.0373;0.123;0;0.09;0.675;94.913;4;;;;;;;;;;
spotify:track:4jzPGm9YsNvFvpL5as5DVc;Tu Vida en la Mía;OPUS;Marc Anthony;10/05/2019;374053;55;FALSE;franchescoropero;2020-09-30T13:18:21Z;salsa,merengue,bachata,latina,pop latino;Sony Music Latin;0.643;0.874;2;-3.714;1;0.033;0.346;0.000299;0.36;0.877;93.494;4;;;;;;;;;;
spotify:track:3AjxOdecZ2eKDL0aOtcYsJ;Cambio de Piel;3;Marc Anthony;23/07/2013;279360;56;FALSE;franchescoropero;2020-09-30T13:20:15Z;salsa,merengue,bachata,latina,pop latino;Sony Music Latin;0.425;0.874;0;-3.097;1;0.0409;0.596;0.00000418;0.115;0.814;164.127;4;;;;;;;;;;
spotify:track:1zZ7vl1amOLI4GE5oUn0YB;BAGDAD - Cap.7: Liturgia;El Mal Querer;ROSALÍA;02/11/2018;182657;64;FALSE;franchescoropero;2020-10-01T08:18:45Z;latina;Columbia;0.707;0.36;0;-8.89;0;0.0499;0.737;0.0000697;0.0977;0.358;80.055;4;;;;;;;;;;
spotify:track:7FGZKu8VjGu1EImHbYgsS3;Tu Amor Me Hace Bien;Dos Clásicos;Marc Anthony;23/06/1905;275453;33;FALSE;franchescoropero;2020-10-01T08:18:53Z;salsa,merengue,bachata,latina,pop latino;Sony Music Latin;0.608;0.587;7;-8.558;1;0.0423;0.352;0;0.509;0.832;134.791;3;;;;;;;;;;
spotify:track:1TojBnaen0BzIoZfVccGng;Mátalas;Niña Amada Mia;Alejandro Fernández;2003;177226;63;FALSE;franchescoropero;2020-10-04T10:29:58Z;mariachi,ranchera,pop latino,bolero;Columbia;0.771;0.392;11;-6.627;1;0.0751;0.706;0;0.0575;0.8;117.242;4;;;;;;;;;;
spotify:track:1Vy7WUJubV9JEoebuJ9dfe;Más Que Tu Amigo;Tu Amor O Tu Desprecio;Marco Antonio Solís;01/01/2003;209506;72;FALSE;franchescoropero;2020-10-04T20:29:23Z;grupera,ranchera,mariachi,pop latino;Fonovisa;0.786;0.604;0;-7.608;0;0.0413;0.221;0.0166;0.063;0.81;97.461;4;;;;;;;;;;
spotify:track:2xIKTgmlZ8vZCwaWoSqwK2;Como Ronea (15 Aniversario);Como Ronea (15 Aniversario);Las Chuches;;;;;;;;;;;;;;;;;;;;;;;;;;;;;;
spotify:track:02U7Zu0vuIMMx4uioqjFiZ;Baila Morena;Mi Vida: Grandes Exitos;Julio Iglesias;31/05/1905;229560;44;FALSE;franchescoropero;2020-10-07T07:16:05Z;bolero;Columbia;0.687;0.571;1;-9.195;0;0.144;0.314;0;0.383;0.702;81.682;4;;;;;;;;;;
spotify:track:3dTNsND92V406EcxZo59tT;Loco;Greatest Hits;Enrique Iglesias;;;;;;;;;;;;;;;;;;;;;;;;;;;;;;
spotify:track:2oYZsClkTMOsCp41t4VW71;¿Dónde Están Corazón?;Lo Dije Por Boca De Otro;Coti;;;;;;;;;;;;;;;;;;;;;;;;;;;;;;
spotify:track:6gOvclmBqBdMOSbgHe8grM;Quién te quiere como yo;Quien te quiere como yo;Carlos Baute;11/10/2010;224226;36;FALSE;franchescoropero;2020-10-16T18:30:46Z;pop latino;WM Spain;0.684;0.798;6;-4.54;1;0.0415;0.394;0.00153;0.129;0.684;133.952;4;;;;;;;;;;
spotify:track:0sXvAOmXgjR2QUqLK1MltU;La Bicicleta;El Dorado;Carlos Vives;;;;;;;;;;;;;;;;;;;;;;;;;;;;;;
spotify:track:0wOSBQBoXmwRBFDUsU6Ywx;El Mar de Sus Ojos (feat. ChocQuibTown);El Mar de Sus Ojos (feat. ChocQuibTown);Carlos Vives;;;;;;;;;;;;;;;;;;;;;;;;;;;;;;
spotify:track:59hfezbTqi7I68O4OyLfcR;Cuando Nos Volvamos a Encontrar (feat. Marc Anthony);Más + Corazón Profundo;Carlos Vives;;;;;;;;;;;;;;;;;;;;;;;;;;;;;;
spotify:track:0dReCfBuhZmrqMv4WBc8od;Experiencia Religiosa;Enrique Iglesias;Enrique Iglesias;1995;329000;0;FALSE;franchescoropero;2020-11-07T06:49:08Z;pop latino,latina;Universal Music Latino;0.64;0.691;0;-5.824;1;0.0302;0.631;0.0000707;0.0521;0.452;111.991;4;;;;;;;;;;
spotify:track:7v1fwFN26GH5Rq2VDMLDCc;Invéntame;Enrique Iglesias;Enrique Iglesias;17/06/1905;232386;0;FALSE;franchescoropero;2020-11-07T06:49:57Z;pop latino,latina;Universal Music Latino;0.466;0.464;1;-7.14;1;0.027;0.212;0.00000877;0.1;0.416;97.067;4;;;;;;;;;;
spotify:track:6H2P5S8Aa3an5LNuhd1DqI;Barrer a Casa;Barrer a Casa;Sofia Ellar;;;;;;;;;;;;;;;;;;;;;;;;;;;;;;
spotify:track:2uhaDVmfG7pT94VO5jl2r4;Lo Mejor de Mi Vida Eres Tú (feat. Natalia Jiménez);Más Música + Alma + Sexo;Ricky Martin;;;;;;;;;;;;;;;;;;;;;;;;;;;;;;
spotify:track:0tzixmHNQfE6S6SirSToxW;El Ultimo Adiós - Varios Artistas Version;El Ultimo Adiós;Ricky Martin;;;;;;;;;;;;;;;;;;;;;;;;;;;;;;
spotify:track:6QdwofpqDvvNxX88C9A0iQ;Nada Valgo Sin Tu Amor;Mi Sangre;Juanes;01/01/2004;196360;72;FALSE;franchescoropero;2022-09-10T04:48:20Z;pop latino,tropipop,rock en español;National Own (UC);0.601;0.643;0;-4.581;1;0.0272;0.155;0;0.283;0.387;76.979;4;;;;;;;;;;
spotify:track:0Xn1VqBjoL4PAGxyatEO0Z;Gotas De Agua Dulce;La Vida Es Un Ratico;Juanes;01/01/2007;188040;64;FALSE;franchescoropero;2022-09-10T04:49:24Z;pop latino,tropipop,rock en español;National Own (UC);0.682;0.858;1;-3.452;0;0.029;0.0199;0;0.148;0.909;153.845;4;;;;;;;;;;
spotify:track:4scwMEdlKi8qWJzzyDB8Z3;506;506;Morat;;;;;;;;;;;;;;;;;;;;;;;;;;;;;;
spotify:track:1s7ZnNtzQfqdZ8bpgb95WG;Si Tú Te Vas;UNO (95/08) [Regular Spain];Enrique Iglesias;01/01/2008;242013;0;FALSE;franchescoropero;2023-03-22T10:02:33Z;pop latino,latina;Universal Music Ltd.;0.511;0.505;11;-5.677;1;0.0259;0.426;0.00000318;0.109;0.258;137.413;4;;;;;;;;;;
spotify:track:2oqqW9HR3UBdzwH5lKwPmA;Bailamos - Wild Wild West/Soundtrack Version;UNO (95/08) [Regular Spain];Enrique Iglesias;01/01/2008;214693;0;FALSE;franchescoropero;2023-03-22T10:02:48Z;pop latino,latina;Universal Music Ltd.;0.63;0.879;9;-4.517;0;0.039;0.0474;0.0041;0.142;0.587;99.891;4;;;;;;;;;;
spotify:track:0Y2YwEOLosoXG72vI1tAF7;Heroe;UNO (95/08) [Regular Spain];Enrique Iglesias;01/01/2008;259924;0;FALSE;franchescoropero;2023-03-22T10:05:53Z;pop latino,latina;Universal Music Ltd.;0.582;0.584;7;-6.196;1;0.0318;0.183;0.00000381;0.64;0.212;76.032;4;;;;;;;;;;
spotify:track:61hJK3EfAd1LDk7x5OrCTc;Tu Recuerdo (feat. La Mari De Chambao & Tommy Torres) - MTV Unplugged Version;Ricky Martin MTV Unplugged;Ricky Martin;;;;;;;;;;;;;;;;;;;;;;;;;;;;;;
spotify:track:0bfPmBR6iN2cyJQJUUQOG0;Cuando nadie me ve;El Alma Al Aire: 20 Aniversario;Alejandro Sanz;26/09/2000;308560;42;FALSE;franchescoropero;2023-03-22T10:07:06Z;pop latino;WM Spain;0.598;0.632;11;-5.989;0;0.0474;0.353;0;0.0809;0.508;136.017;4;;;;;;;;;;
spotify:track:6ztMOMCtWcKZgMTiNfP9bC;No Me Doy Por Vencido;Palabras Del Silencio;Luis Fonsi;01/01/2008;238360;45;FALSE;franchescoropero;2023-03-22T10:08:22Z;latina;UMLE - Latino;0.352;0.651;3;-6.413;1;0.0851;0.435;0;0.609;0.4;172.357;3;;;;;;;;;;
spotify:track:5ToI5oXnUmX5Nsmg8enL1N;Nada Es Para Siempre;Paso A Paso;Luis Fonsi;01/01/2005;239826;56;FALSE;franchescoropero;2023-03-22T10:09:52Z;latina;National Own (UC);0.521;0.512;4;-8.391;0;0.0394;0.21;0;0.128;0.499;155.896;4;;;;;;;;;;
spotify:track:5DgsWDhgoploQACccB83Z8;Aqui Estoy Yo;Galanes del Latin Pop;Luis Fonsi;;;;;;;;;;;;;;;;;;;;;;;;;;;;;;
spotify:track:4nYE8K5ozd9HNfB2RC8o2c;Asignatura Pendiente;Almas Del Silencio;Ricky Martin;21/04/2003;236160;52;FALSE;franchescoropero;2023-03-22T10:10:35Z;pop latino,latina;Sony Music Latin;0.579;0.523;2;-6.807;1;0.0295;0.574;0.00000143;0.101;0.0953;115.943;4;;;;;;;;;;
spotify:track:2VspVkHity8i4H9jammhhR;Tal Vez;Almas Del Silencio;Ricky Martin;21/04/2003;279226;63;FALSE;franchescoropero;2023-03-22T10:11:29Z;pop latino,latina;Sony Music Latin;0.512;0.615;11;-5.318;1;0.0319;0.216;0;0.123;0.193;115.884;4;;;;;;;;;;
spotify:track:159yUhKZg2ZAdt0HknTqDr;¿Quién Te Dijo Eso?;Abrazar La Vida;Luis Fonsi;01/01/2003;271600;60;FALSE;franchescoropero;2023-03-22T10:12:01Z;latina;National Own (UC);0.535;0.562;5;-6.202;1;0.027;0.121;0;0.205;0.352;133.894;4;;;;;;;;;;
spotify:track:5ZaTqcL7zIreaVNeVy89Iu;La Gota Fría;Clásicos de la Provincia;Carlos Vives;15/06/1905;215493;0;FALSE;franchescoropero;2023-08-10T00:19:05Z;tropipop,vallenato,latina,pop latino;Columbia;0.719;0.809;1;-10.201;1;0.0511;0.0893;0;0.183;0.964;100.839;4;;;;;;;;;;
spotify:track:5BIQR6Ibumf2WHKlKOJKJY;La Tierra del Olvido (feat. Fanny Lu, Fonseca, Maluma, Andrea Echeverri, Cholo Valderrama, Coral Group & Herencia de Timbiquí) - 2015;Más + Corazón Profundo Tour: En Vivo Desde la Bahía de Santa Marta;Carlos Vives;;;;;;;;;;;;;;;;;;;;;;;;;;;;;;
spotify:track:2VL0W9x83RwQOBGbfphBqW;La Foto de los Dos;Corazón Profundo (Versión Deluxe);Carlos Vives;21/04/2013;247720;53;FALSE;franchescoropero;2023-08-10T00:22:15Z;tropipop,vallenato,latina,pop latino;Sony Music Latin;0.523;0.844;3;-6.047;1;0.0439;0.0875;0;0.123;0.549;80.915;4;;;;;;;;;;
spotify:track:49Pgj28xm0VB2bDJP8sTwK;Comeme (feat. Mario Diaz) - Directo Perito Moreno;Chambao En El Fin Del Mundo;Chambao;;;;;;;;;;;;;;;;;;;;;;;;;;;;;;
spotify:track:41lhBc9EfGaO3IuU8nRXez;Duende del Sur;Con Otro Aire;Chambao;06/11/2007;240440;45;FALSE;franchescoropero;2024-10-08T06:34:55Z;flamenco,flamenco pop;Ariola;0.547;0.803;9;-6.88;1;0.0322;0.225;0.0018;0.12;0.633;169.895;4;;;;;;;;;;
spotify:track:1dgFSrqG37FpmlZCmlKmP7;Ahí Estás Tú;Chambao Caminando;Chambao;04/12/2002;329346;48;FALSE;franchescoropero;2024-10-08T06:35:17Z;flamenco,flamenco pop;Ariola;0.569;0.883;4;-3.594;0;0.0523;0.0799;0.0947;0.109;0.352;175.896;4;;;;;;;;;;
spotify:track:0S0cwed8nKU6bKRe9zaBfS;Papeles Mojados;Con Otro Aire;Chambao;06/11/2007;228506;41;FALSE;franchescoropero;2024-10-08T06:35:32Z;flamenco,flamenco pop;Ariola;0.675;0.821;9;-8.023;0;0.0668;0.355;0.0000306;0.12;0.627;96.072;4;;;;;;;;;;
spotify:track:22ncPtijr5wH7yI9thKH2r;Camino Interior;Pokito A Poko;Chambao;2005;260079;26;FALSE;franchescoropero;2024-10-08T06:36:23Z;flamenco,flamenco pop;Columbia;0.585;0.827;6;-6.648;0;0.0315;0.606;0.0788;0.0759;0.796;165.964;4;;;;;;;;;;
spotify:track:5APS9osGIdLVezCDGRObvQ;Rosa Maria;Chambao Caminando;Chambao;04/12/2002;189600;34;FALSE;franchescoropero;2024-10-08T06:37:39Z;flamenco,flamenco pop;Ariola;0.661;0.765;5;-5.985;0;0.0311;0.255;0.0000121;0.0744;0.934;151.988;4;;;;;;;;;;
spotify:track:2SnqYwrwTZBdlDXlcOialK;No Tengas Miedo;Constelaciones de Humo;El Canijo de Jerez;;;;;;;;;;;;;;;;;;;;;;;;;;;;;;
spotify:track:7LrM28pPWCpJYmbnaxHBmu;Pokito a Poko;Chambao Caminando;Chambao;04/12/2002;207333;48;FALSE;franchescoropero;2024-10-08T06:40:48Z;flamenco,flamenco pop;Ariola;0.696;0.942;4;-5.564;0;0.0596;0.11;0.00063;0.384;0.408;108.023;4;;;;;;;;;;
spotify:track:7DSAEUvxU8FajXtRloy8M0;Flowers;Endless Summer Vacation;Miley Cyrus;18/08/2023;200600;84;FALSE;franchescoropero;2024-11-23T07:31:59Z;;Columbia;0.706;0.691;0;-4.775;1;0.0633;0.0584;0.0000699;0.0232;0.632;118.048;4;;;;;;;;;;
;undefined;undefined;undefined;franchescoropero;2024-11-23T07:34:39Z;;undefined;;;;;;;;;;;;;;;;;;;;;;;;;;
spotify:track:1kM1BcO9nbQJtPhcbL2WU5;Sin Ti;Lo Mejor De Donato & Estéfano;Donato Y Estefano;1995;247626;55;FALSE;franchescoropero;2025-02-15T10:38:50Z;pop latino,tropipop;SMI Artist;0.652;0.932;11;-4.885;0;0.0543;0.016;0.00000832;0.235;0.891;178.057;4;;;;;;;;;;
spotify:track:6u0YdyiFdnCSDNid9YfRio;Sin Ti;Locos X la Música Latina;Donato Y Estefano;13/01/2014;245320;8;FALSE;franchescoropero;2025-02-15T10:41:54Z;pop latino,tropipop;Legacy Recordings;0.66;0.915;11;-5.909;0;0.0532;0.0163;0.00000755;0.197;0.894;177.982;4;;;;;;;;;;
spotify:track:2YZP4RIRbim5Aj3TNn1Q1s;Por Amarte;UNO (95/08) [Regular Spain];Enrique Iglesias;01/01/2008;241986;0;FALSE;franchescoropero;2025-02-15T11:04:19Z;pop latino,latina;Universal Music Ltd.;0.622;0.588;9;-5.481;1;0.0286;0.194;0.000529;0.147;0.226;127.937;4;;;;;;;;;;
spotify:track:2KcfNuKNxdOG1dWqLbaBBu;Quizás;UNO (95/08) [Regular Spain];Enrique Iglesias;01/01/2008;252440;0;FALSE;franchescoropero;2025-02-15T11:04:34Z;pop latino,latina;Universal Music Ltd.;0.47;0.553;10;-5.916;1;0.0281;0.781;0.00000129;0.152;0.124;123.337;4;;;;;;;;;;
spotify:track:0Me3GyNuLOa1YTIxhJPyCn;ASI ES LA VIDA;ASI ES LA VIDA;Enrique Iglesias;;;;;;;;;;;;;;;;;;;;;;;;;;;;;;
spotify:track:39eGhKvqaMB3bP2AYME4RW;No Llores Por Mi;Enrique Iglesias;Enrique Iglesias;1995;248000;0;FALSE;franchescoropero;2025-02-15T11:06:04Z;pop latino,latina;Universal Music Group;0.541;0.642;11;-5.852;1;0.0258;0.0859;0.000245;0.115;0.338;133.968;4;;;;;;;;;;
spotify:track:3EK4tGkSiO5xvvB5sM4tln;Amárrame;La Trenza;Mon Laferte;;;;;;;;;;;;;;;;;;;;;;;;;;;;;;
spotify:track:4Q1oBLFPK9R4eUHkNlihlF;506;SI AYER FUERA HOY;Morat;;;;;;;;;;;;;;;;;;;;;;;;;;;;;;
spotify:track:7jUwaYkoy1koPCjXlov21Y;Yerbatero;P.A.R.C.E. (Deluxe Version);Juanes;2010;211346;54;FALSE;franchescoropero;2025-02-15T11:10:20Z;pop latino,tropipop,rock en español;National Own;0.646;0.846;4;-6.19;0;0.0314;0.0342;0;0.22;0.701;96.025;4;;;;;;;;;;
spotify:track:722QPOI0pGJJ0Y0P6ETzgE;Lo Que Me Gusta A Mi;Mi Sangre;Juanes;01/01/2004;210626;46;FALSE;franchescoropero;2025-02-15T11:10:55Z;pop latino,tropipop,rock en español;National Own (UC);0.678;0.895;4;-5.339;1;0.0394;0.0582;0;0.0788;0.97;94.965;4;;;;;;;;;;
spotify:track:7sCu8xWNkxfzjoZU6aQSf1;Luna;Un Día Normal;Juanes;01/01/2002;213053;46;FALSE;franchescoropero;2025-02-15T11:11:15Z;pop latino,tropipop,rock en español;Int'l Latin America;0.709;0.813;2;-4.58;1;0.0316;0.129;0.00000637;0.164;0.962;95.001;4;;;;;;;;;;
spotify:track:6dHy6CvAKt5JBslhjDhlaF;La Camisa Negra - MTV Unplugged;Tr3s Presents Juanes MTV Unplugged;Juanes;01/01/2012;225986;40;FALSE;franchescoropero;2025-02-15T11:11:42Z;pop latino,tropipop,rock en español;UMLE - Latino;0.702;0.834;6;-6.968;0;0.0318;0.324;0;0.717;0.799;96.027;4;;;;;;;;;;
spotify:track:2DEbj8jW9UMTsZ3LukdLMz;500 Miles (Away From Home);Ruud Hermans Sings the Hits of Bobby Bare;Ruud Hermans;2004;175480;6;FALSE;franchescoropero;2025-02-26T11:08:40Z;;Continental Record Services;0.444;0.424;7;-9.371;1;0.0285;0.611;0;0.338;0.536;107.954;4;;;;;;;;;;
spotify:track:0VKZN2aoPi3MOskTrgEGBs;Cómo Te Echo de Menos;Cómo Te Echo De Menos;Maria Del Monte;29/11/2011;271533;8;FALSE;franchescoropero;2025-03-25T10:53:57Z;flamenco,flamenco pop;Parlophone Spain;0.597;0.493;8;-6.705;0;0.0525;0.787;0;0.0829;0.553;148.083;3;;;;;;;;;;
spotify:track:28k9JZryrfnbP9p8fs4pgh;Caravana Rociera;Mis Recuerdos por Sevillanas;Jose Manuel El Mani;01/01/1997;277800;0;FALSE;franchescoropero;2025-03-25T10:56:43Z;flamenco,villancicos;Coliseum;0.545;0.677;0;-5.402;0;0.0473;0.614;0;0.136;0.69;148.655;3;;;;;;;;;;
spotify:track:4bFaDjWTSbudJdO9J0fp71;Nuevo día;El origen de la leyenda;Lole Y Manuel;22/11/2002;285586;39;FALSE;franchescoropero;2025-03-25T11:12:10Z;flamenco,flamenco pop;DRO/EastWest Spain;0.527;0.499;11;-8.76;0;0.051;0.273;0.000104;0.155;0.425;99.562;4;;;;;;;;;;
spotify:track:55SVZNGmaGEAOWFAEgQxt5;San Bernardino;Sus Grandes Exitos;Los Mismos;26/03/1996;177600;1;FALSE;franchescoropero;2025-04-15T08:33:30Z;;Divucsa;0.451;0.437;9;-13.291;1;0.0606;0.297;0;0.0421;0.798;204.742;4;;;;;;;;;;
spotify:track:6HJz946SNeoMZFcUjLf3j4;Cara de Gitana;20 Secretos De Amor - Daniel Magal;Daniel Magal;27/03/2007;183440;32;FALSE;franchescoropero;2025-04-15T08:39:42Z;;Columbia;0.527;0.626;7;-8.121;0;0.105;0.777;0;0.171;0.838;97.914;4;;;;;;;;;;
spotify:track:3aQz0z86zrKjd1mcZlonxE;Infinity 2008 - Klaas Vocal Edit;Infinity 2008;Guru Josh Project;;;;;;;;;;;;;;;;;;;;;;;;;;;;;;
