Track;URI;Track;Name;Album;Name;Artist;Name(s);Release;Date;Duration;(ms);Popularity;Explicit;Added;By;Added;At;Genres;Record;Label;Danceability;Energy;Key;Loudness;Mode;Speechiness;Acousticness;Instrumentalness;Liveness;Valence;Tempo;Time;Signature
spotify:track:1eCie6lwjb4crxeAvkRaSi;Y Nos Dieron las Diez;Fisica Y Quimica;Joaquín Sabina;10/04/1992;302933;62;FALSE;mejoresplaylistsspotify;2025-10-22T09:35:09Z;trova,cantautores,nueva trova;Ariola;0.555;0.275;0;-14.032;1;0.0653;0.759;0;0.104;0.592;163.431;3;;;;;;;;;;
spotify:track:4B6ko7lt1sUtyFzBDF4yfK;Pajaros de Barro;Arena En Los Bolsillos;Manolo Garcia;14/11/1998;246240;62;FALSE;mejoresplaylistsspotify;2025-10-22T09:35:09Z;flamenco,flamenco pop;Ariola;0.719;0.597;5;-5.964;0;0.106;0.485;0;0.0762;0.651;144.99;4;;;;;;;;;;
spotify:track:3BNy8c9gYaL63nL5DKHFMU;Cuando Brille el Sol;Cuando Brille el Sol;La Guardia;06/07/1990;224000;54;FALSE;mejoresplaylistsspotify;2025-10-22T09:35:09Z;;Sony Music Entertainment;0.505;0.731;7;-11.379;1;0.0374;0.0326;0.0000414;0.174;0.93;169.79;4;;;;;;;;;;
spotify:track:1hj6nYHeGclSY0VNTHMi27;Amante Bandido;Bandido;Miguel Bosé;22/02/1984;261360;67;FALSE;mejoresplaylistsspotify;2025-10-22T09:35:09Z;pop latino;Columbia;0.748;0.691;2;-8.88;1;0.0354;0.0515;0.00256;0.0494;0.762;131.061;4;;;;;;;;;;
spotify:track:0M2tanh26PWePnaGVV3h3y;Salta!!!;Confidencial/New Booklet;Tequila;04/01/1981;189133;51;FALSE;mejoresplaylistsspotify;2025-10-22T09:35:09Z;;Zafiro;0.474;0.935;2;-4.956;1;0.109;0.0218;0.0000161;0.044;0.915;151.705;4;;;;;;;;;;
spotify:track:4Kii4OhkRIezu0KjOiFq0G;19 Dias y 500 Noches;19 Dias Y 500 Noches;Joaquín Sabina;27/09/1999;283866;51;FALSE;mejoresplaylistsspotify;2025-10-22T09:35:09Z;trova,cantautores,nueva trova;Legacy Recordings;0.708;0.67;4;-7.619;1;0.226;0.666;0;0.26;0.812;87.327;4;;;;;;;;;;
spotify:track:6QBLmxP1tU6lw1dhKQulau;Mediterraneo;Mediterránaeo;Los Rebeldes;1986;233026;49;FALSE;mejoresplaylistsspotify;2025-10-22T09:35:09Z;rockabilly;Sony Music Media;0.463;0.683;9;-11.33;1;0.0542;0.124;0;0.181;0.945;146.629;1;;;;;;;;;;
spotify:track:1gh0aMZmO6o30LS12lEJWQ;Siete Vidas;Cosas Mias;Antonio Flores;25/05/1994;242000;52;FALSE;mejoresplaylistsspotify;2025-10-22T09:35:09Z;flamenco,trova,cantautores;RCA Records Label;0.542;0.315;9;-11.494;0;0.0275;0.603;0;0.144;0.491;135.826;4;;;;;;;;;;
spotify:track:6NfxNXuOFEGVz0hr8qnlEj;Prefiero el Trapecio;Arena En Los Bolsillos;Manolo Garcia;14/11/1998;296800;51;FALSE;mejoresplaylistsspotify;2025-10-22T09:35:09Z;flamenco,flamenco pop;Ariola;0.686;0.662;6;-5.529;0;0.0425;0.545;0;0.0829;0.789;141.956;4;;;;;;;;;;
spotify:track:5sfy5t9U4Uhp6jPKvq2muQ;Penelope;La Paloma;Joan Manuel Serrat;19/11/1997;241893;48;FALSE;mejoresplaylistsspotify;2025-10-22T09:35:09Z;trova,nueva trova,cantautores;Ariola;0.282;0.584;9;-5.008;1;0.0325;0.756;0;0.202;0.42;135.87;4;;;;;;;;;;
spotify:track:7Lgarpf1OqaXsUTjKZ34mK;Me Falta el Aliento;Estopa;Estopa;18/10/1999;218173;57;FALSE;mejoresplaylistsspotify;2025-10-22T09:35:09Z;flamenco,flamenco pop;Ariola;0.53;0.748;0;-9.731;1;0.112;0.204;0.000222;0.338;0.632;124.875;4;;;;;;;;;;
spotify:track:2oI6d7XcMz1AMTQhDopV5J;Resistiré;En Forma;Duo Dinamico;09/03/1988;241626;54;FALSE;mejoresplaylistsspotify;2025-10-22T09:35:09Z;;Columbia;0.75;0.742;5;-10.184;0;0.027;0.187;0;0.0712;0.653;95.872;4;;;;;;;;;;
spotify:track:2cSXotAohYx0EWCNljCzs7;Otra Como Tu;Todo Historias;Eros Ramazzotti;01/01/1993;281226;73;FALSE;mejoresplaylistsspotify;2025-10-22T09:35:09Z;italo dance;RCA Records Label;0.531;0.577;1;-9.363;1;0.0315;0.117;0.0000125;0.0896;0.498;177.67;4;;;;;;;;;;
spotify:track:0RPwVt8fQ0A27ERtSSmxAe;Pastillas para No Soñar;Fisica Y Quimica;Joaquín Sabina;10/04/1992;238453;52;FALSE;mejoresplaylistsspotify;2025-10-22T09:35:09Z;trova,cantautores,nueva trova;Ariola;0.837;0.673;9;-10.332;1;0.0754;0.339;0;0.0687;0.885;117.463;4;;;;;;;;;;
spotify:track:2IofpcCv3PjgZ5AjX446fi;Dime Que Me Quieres;Viva Tequila/New Booklet;Tequila;04/01/1980;180800;47;FALSE;mejoresplaylistsspotify;2025-10-22T09:35:09Z;;Zafiro;0.357;0.978;1;-3.552;0;0.0612;0.0276;0.00000151;0.741;0.939;181.955;4;;;;;;;;;;
spotify:track:740Rh302Wm6uHRsYTa4KDQ;A San Fernando un Ratito a Pie y Otro Caminando;Arena En Los Bolsillos;Manolo Garcia;14/11/1998;227666;58;FALSE;mejoresplaylistsspotify;2025-10-22T09:35:09Z;flamenco,flamenco pop;Ariola;0.56;0.918;6;-4.399;0;0.0735;0.132;0.0000024;0.435;0.743;135.251;4;;;;;;;;;;
spotify:track:4aNYsOVFqueCQrDeluqp0H;El 28;Dile al Sol;La Oreja de Van Gogh;18/05/1998;167733;56;FALSE;mejoresplaylistsspotify;2025-10-22T09:35:09Z;pop latino;Epic;0.652;0.792;7;-6.084;1;0.0505;0.253;0;0.54;0.585;120.073;4;;;;;;;;;;
spotify:track:383LM93rT5NdU2Le0qu4Xk;Hotel California - Spanish Mix;The Essential Gipsy Kings;Gipsy Kings;03/08/1999;346600;0;FALSE;mejoresplaylistsspotify;2025-10-22T09:35:09Z;flamenco;Sony Music CG;0.457;0.819;11;-9.072;0;0.0486;0.51;0.0000455;0.111;0.514;102.102;4;;;;;;;;;;
spotify:track:4Y6cDd4EPHcEbiUKdyvNwM;Macarena;A Mi Me Gusta;Los Del Rio;13/12/1993;251293;54;FALSE;mejoresplaylistsspotify;2025-10-22T09:35:09Z;;RCA Records Label;0.923;0.679;8;-14.019;1;0.0888;0.428;0.000131;0.0908;0.965;103.017;4;;;;;;;;;;
spotify:track:5E48mFtui4eFEsEMzXXXqy;Sevilla;Bandido;Miguel Bosé;22/02/1984;282813;42;FALSE;mejoresplaylistsspotify;2025-10-22T09:35:09Z;pop latino;Columbia;0.669;0.453;4;-9.475;0;0.0289;0.0492;0.000109;0.184;0.178;126.875;4;;;;;;;;;;
spotify:track:7pjtYZml30McGVL6Lk5bMh;La Carretera;La Carretera;Julio Iglesias;16/05/1995;281040;53;FALSE;mejoresplaylistsspotify;2025-10-22T09:35:09Z;bolero;Columbia;0.474;0.333;2;-15.689;1;0.0324;0.663;0.0312;0.128;0.0696;122.826;4;;;;;;;;;;
spotify:track:5ifVQVLUnIk46RRZ90WH7S;Peor para el Sol;Fisica Y Quimica;Joaquín Sabina;10/04/1992;295333;57;FALSE;mejoresplaylistsspotify;2025-10-22T09:35:09Z;trova,cantautores,nueva trova;Ariola;0.676;0.341;7;-14.351;1;0.059;0.747;0;0.0987;0.495;105.405;4;;;;;;;;;;
spotify:track:3gqYxzuwt40Q1bLflovbsI;El Muchacho de los Ojos Tristes;Corazon de Poeta;Jeanette;25/05/1992;217333;51;FALSE;mejoresplaylistsspotify;2025-10-22T09:35:09Z;;Sony Music Entertainment;0.705;0.418;9;-12.574;1;0.0302;0.277;0.00000162;0.166;0.798;113.029;4;;;;;;;;;;
spotify:track:0DjSa6czo5ywsf6iCtZW5A;Cannabis;El Vals Del Obrero;Ska-P;01/03/1996;265426;57;FALSE;mejoresplaylistsspotify;2025-10-22T09:35:09Z;ska,ska punk,ska mexicano;RCA Records Label;0.563;0.913;7;-2.741;1;0.0543;0.176;0.00000824;0.107;0.952;120.884;4;;;;;;;;;;
spotify:track:6oytv9amMEx3pxSw9UmEtv;El Gato Lopez;El Vals Del Obrero;Ska-P;01/03/1996;160626;53;FALSE;mejoresplaylistsspotify;2025-10-22T09:35:09Z;ska,ska punk,ska mexicano;RCA Records Label;0.605;0.989;0;-1.68;1;0.0901;0.069;0;0.33;0.727;110.103;4;;;;;;;;;;
spotify:track:3uczGVEmktxNt15VoBALL6;Fiesta;Mi Niñez;Joan Manuel Serrat;07/05/1997;153000;44;FALSE;mejoresplaylistsspotify;2025-10-22T09:35:09Z;trova,nueva trova,cantautores;Ariola;0.49;0.567;8;-6.818;1;0.0674;0.512;0;0.0674;0.673;138.978;4;;;;;;;;;;
spotify:track:0fmASfcJJ6N8hTvGTa8Hhi;Carbón y Ramas Secas;Arena En Los Bolsillos;Manolo Garcia;14/11/1998;283733;50;FALSE;mejoresplaylistsspotify;2025-10-22T09:35:09Z;flamenco,flamenco pop;Ariola;0.594;0.884;9;-4.29;1;0.125;0.508;0;0.311;0.615;148.015;4;;;;;;;;;;
spotify:track:5simusZ3xbQGA4FxK6jFXI;Tu Seras Mi Amanecer;Diez Y Cuarto;Siempre Asi;19/11/1998;155333;41;FALSE;mejoresplaylistsspotify;2025-10-22T09:35:09Z;flamenco,villancicos,flamenco pop;Discos De Arte;0.694;0.454;0;-11.905;1;0.0976;0.516;0;0.72;0.713;98.894;4;;;;;;;;;;
spotify:track:0FfxAxOlgIUaemwaesR0V4;Noches de Boda;19 Dias Y 500 Noches;Joaquín Sabina;27/09/1999;282800;40;FALSE;mejoresplaylistsspotify;2025-10-22T09:35:09Z;trova,cantautores,nueva trova;Legacy Recordings;0.654;0.375;7;-8.957;1;0.147;0.834;0;0.206;0.535;76.013;3;;;;;;;;;;
spotify:track:0ATzislS5SvAp69hjHczej;Solo Se Vive una Vez;Esclava De Tu Piel;Azucar Moreno;06/05/1996;211866;55;FALSE;mejoresplaylistsspotify;2025-10-22T09:35:09Z;flamenco;Epic;0.743;0.971;6;-4.83;1;0.0533;0.046;0.00000974;0.0431;0.978;101.998;4;;;;;;;;;;
spotify:track:3qzVJh6INW1CzSDVR9MRgS;Bamboléo;Gipsy Kings;Gipsy Kings;23/02/1987;203333;0;FALSE;mejoresplaylistsspotify;2025-10-22T09:35:09Z;flamenco;Columbia;0.672;0.817;11;-12.107;0;0.0571;0.415;0.000231;0.0715;0.939;119.572;4;;;;;;;;;;
spotify:track:23E6DbN4GMJ2Ffpn6f9qXf;Sobre el Oscuro Abismo en Que Te Meces;Arena En Los Bolsillos;Manolo Garcia;14/11/1998;268560;38;FALSE;mejoresplaylistsspotify;2025-10-22T09:35:09Z;flamenco,flamenco pop;Ariola;0.629;0.846;8;-4.398;1;0.0557;0.56;0;0.0566;0.77;135.057;4;;;;;;;;;;
spotify:track:4da3nnmnvOGrAkx5nE4CHs;Súper Supermán;"Miguel Bosé. ""Morir De Amor""";Miguel Bosé;1977;221933;22;FALSE;mejoresplaylistsspotify;2025-10-22T09:35:09Z;pop latino;Legacy Recordings;0.725;0.826;2;-13.046;1;0.035;0.0118;0.633;0.249;0.921;136.797;4;;;;;;;;;;
spotify:track:5ZAqs1W68ldSzJ0mUO16l4;Calle Melancolia;Mucho Sabina;Joaquín Sabina;1980;266586;52;FALSE;mejoresplaylistsspotify;2025-10-22T09:35:09Z;trova,cantautores,nueva trova;Epic;0.667;0.279;3;-16.452;1;0.0356;0.656;0;0.111;0.741;149.483;4;;;;;;;;;;
spotify:track:1VB4sadHjFcFklHcZuoROi;Como Camarón;Estopa;Estopa;18/10/1999;202026;67;FALSE;mejoresplaylistsspotify;2025-10-22T09:35:09Z;flamenco,flamenco pop;Ariola;0.499;0.721;9;-9.615;0;0.0564;0.216;0.00000974;0.295;0.843;140.4;4;;;;;;;;;;
spotify:track:7u0Mn9qAgZxcSWm0db2PaG;A Quien Tanto He Querido;Arena En Los Bolsillos;Manolo Garcia;14/11/1998;224666;41;FALSE;mejoresplaylistsspotify;2025-10-22T09:35:09Z;flamenco,flamenco pop;Ariola;0.684;0.716;10;-5.245;0;0.0373;0.193;0.0000012;0.0702;0.863;140.82;4;;;;;;;;;;
spotify:track:2hfv8QRES8BwT49kO0Hhmd;Bajo la Luz de la Luna;Mediterránaeo;Los Rebeldes;1986;200093;42;FALSE;mejoresplaylistsspotify;2025-10-22T09:35:09Z;rockabilly;Sony Music Media;0.603;0.554;9;-12.392;1;0.0275;0.355;0;0.144;0.664;105.992;3;;;;;;;;;;
spotify:track:41JrRedwrJxbBPwI8Qku04;Pacto Entre Caballeros;Hotel, Dulce Hotel;Joaquín Sabina;31/08/1987;235426;52;FALSE;mejoresplaylistsspotify;2025-10-22T09:35:09Z;trova,cantautores,nueva trova;Ariola;0.369;0.881;10;-11.716;1;0.0601;0.189;0.00000542;0.321;0.562;206.752;4;;;;;;;;;;
spotify:track:1suKCYjsR9rZKnFYM5uK1k;No Controles;Grandes Exitos;Ole Ole;30/03/2010;241199;41;FALSE;mejoresplaylistsspotify;2025-10-22T09:35:09Z;;Parlophone Spain;0.66;0.758;0;-12.176;1;0.0336;0.00117;0.00668;0.0897;0.946;132.478;4;;;;;;;;;;
spotify:track:5TEhrKGfl4e2zB3HAevrkV;Zapatero;Arena En Los Bolsillos;Manolo Garcia;14/11/1998;296893;45;FALSE;mejoresplaylistsspotify;2025-10-22T09:35:09Z;flamenco,flamenco pop;Ariola;0.696;0.575;1;-5.769;0;0.0308;0.199;0.00000596;0.133;0.384;124.027;4;;;;;;;;;;
spotify:track:3PFyeq4aBtLfShPJ9oiK4p;Te Amaré;"""Miguel""";Miguel Bosé;1980;211733;65;FALSE;mejoresplaylistsspotify;2025-10-22T09:35:09Z;pop latino;Columbia;0.452;0.302;3;-17.023;1;0.0355;0.0663;0;0.116;0.381;149.163;4;;;;;;;;;;
spotify:track:0loxOLrtuQBxkqdoTKTIj2;La Quiero A Morir;La Quiero A Morir;Manzanita;1980;207960;51;FALSE;mejoresplaylistsspotify;2025-10-22T09:35:09Z;flamenco,flamenco pop;Sony Music Media;0.639;0.424;2;-16.071;1;0.0437;0.835;0.00216;0.194;0.714;139.646;4;;;;;;;;;;
spotify:track:3gO8mvkxIcyF9N7Vd1WM2i;Perdóname;Camilo Superstar;Camilo Sesto;04/01/1980;232360;56;FALSE;mejoresplaylistsspotify;2025-10-22T09:35:09Z;bolero;Ariola;0.378;0.567;2;-6.591;1;0.032;0.27;0.0000016;0.302;0.333;133.343;4;;;;;;;;;;
spotify:track:5iFfs675sFR6H4AGKcWef4;Donde Habita el Olvido;19 Dias Y 500 Noches;Joaquín Sabina;27/09/1999;210506;40;FALSE;mejoresplaylistsspotify;2025-10-22T09:35:09Z;trova,cantautores,nueva trova;Legacy Recordings;0.737;0.492;9;-8.335;0;0.0368;0.86;0.00000162;0.207;0.42;117.756;4;;;;;;;;;;
spotify:track:5DqlRmxgfEBhrYApZ9lBqB;Como Quien Da un Refresco;Arena En Los Bolsillos;Manolo Garcia;14/11/1998;278306;39;FALSE;mejoresplaylistsspotify;2025-10-22T09:35:09Z;flamenco,flamenco pop;Ariola;0.527;0.556;6;-6.124;0;0.0482;0.519;0;0.271;0.327;71.544;4;;;;;;;;;;
spotify:track:61ccRl3FBtLs3U5HuBtP6e;El Hombre del Piano;26 Grandes Canciones Y Una Nube Blanca;Ana Belén;1979;317733;50;FALSE;mejoresplaylistsspotify;2025-10-22T09:35:09Z;trova,nueva trova,cantautores,bolero;Columbia;0.526;0.337;5;-13.565;1;0.0291;0.127;0;0.136;0.303;84.103;3;;;;;;;;;;
spotify:track:7gD2QkknRa4ZvlRVyU6ZO0;No Dudaria;Lo Mejor de Antonio;Antonio Flores;06/06/1994;213600;47;FALSE;mejoresplaylistsspotify;2025-10-22T09:35:09Z;flamenco,trova,cantautores;Epic;0.599;0.764;0;-9.036;1;0.038;0.717;0.00000236;0.204;0.7;139.773;4;;;;;;;;;;
spotify:track:4vUEbLdjoExdf1FrzZZwuA;Del Bosque de Tu Alegria;Arena En Los Bolsillos;Manolo Garcia;14/11/1998;270093;34;FALSE;mejoresplaylistsspotify;2025-10-22T09:35:09Z;flamenco,flamenco pop;Ariola;0.671;0.676;6;-3.946;1;0.0326;0.212;0;0.243;0.571;95.613;4;;;;;;;;;;
spotify:track:6Xueg8DmwhkU4xf0Q3xlWN;Sorprendente;Corre Corre;Leño;01/07/1982;245440;46;FALSE;mejoresplaylistsspotify;2025-10-22T09:35:09Z;;Zafiro;0.424;0.915;9;-5.684;1;0.0647;0.0000555;0.0000556;0.346;0.584;168.38;4;;;;;;;;;;
spotify:track:1iRf1TGSCLaxU7O7iBLiuV;Con la Frente Marchita;Mentiras Piadosas;Joaquín Sabina;07/05/1990;301040;53;FALSE;mejoresplaylistsspotify;2025-10-22T09:35:09Z;trova,cantautores,nueva trova;Ariola;0.352;0.538;7;-10.816;0;0.116;0.358;0;0.133;0.501;169.902;3;;;;;;;;;;
spotify:track:4FdwRmlzP5KGM7OewGBYiu;Olvídame y Pega la Vuelta;Pimpinela;Pimpinela;15/07/1982;185800;67;FALSE;mejoresplaylistsspotify;2025-10-22T09:35:09Z;;Columbia;0.485;0.838;8;-5.759;1;0.181;0.454;0;0.691;0.571;76.693;4;;;;;;;;;;
spotify:track:3ja1qnawwz4yqGETFEVLL0;Baron Rojo;Larga Vida Al Rock & Roll;Barón Rojo;1981;340000;36;FALSE;mejoresplaylistsspotify;2025-10-22T09:35:09Z;rock en español,heavy metal;Zafiro;0.421;0.743;9;-10.692;1;0.0638;0.00255;0.153;0.16;0.57;131.316;4;;;;;;;;;;
spotify:track:5d0M8iFSNn4fonHyRT8yeq;El Pistolero;Persecucion;Pistones;02/01/1983;233266;42;FALSE;mejoresplaylistsspotify;2025-10-22T09:35:09Z;;Ariola;0.722;0.695;2;-9.33;1;0.0293;0.0204;0.000115;0.257;0.692;123.599;4;;;;;;;;;;
spotify:track:6D3YqQ9dUA9LBOLw4CEUj1;El Toro Guapo;Como un Gigante;El Fary;1984;205653;45;FALSE;mejoresplaylistsspotify;2025-10-22T09:35:09Z;flamenco,flamenco pop;Legacy Recordings;0.61;0.751;7;-5.549;1;0.0735;0.556;0;0.0939;0.556;124.737;4;;;;;;;;;;
spotify:track:2TC4v9YiuQYk3Tk8RH7fV4;Amor Eterno;Canta A Juan Gabriel;Rocío Dúrcal;1984;409466;67;FALSE;mejoresplaylistsspotify;2025-10-22T09:35:09Z;ranchera,mariachi,bolero;RCA Records Label;0.274;0.171;0;-16.847;1;0.0326;0.456;0.0024;0.808;0.407;177.081;4;;;;;;;;;;
spotify:track:02PROe7elhI6Cyu6KJONhX;Un Ramito de Violetas;Un Ramito De Violetas;Manzanita;1981;283866;53;FALSE;mejoresplaylistsspotify;2025-10-22T09:35:09Z;flamenco,flamenco pop;Sony Music Media;0.663;0.368;8;-15.672;0;0.0494;0.663;0.0000138;0.281;0.825;134.075;4;;;;;;;;;;
spotify:track:65DBZofI0b79kfHTcWWDuU;Trátame Suavemente - Remasterizado 2007;Soda Stereo (Remastered);Soda Stereo;06/02/1984;200800;74;FALSE;mejoresplaylistsspotify;2025-10-22T09:35:09Z;rock en español,rock latino,rock argentino,música alternativa latina;Columbia;0.738;0.8;11;-3.366;0;0.0283;0.043;0.0543;0.595;0.532;122.858;4;;;;;;;;;;
spotify:track:1gNXYvLc14OmqK6gSJKLUM;Como una Ola;Coleccion Original: Rocio Jurado;Rocío Jurado;01/01/1999;256093;42;FALSE;mejoresplaylistsspotify;2025-10-22T09:35:09Z;flamenco;RCA Records Label;0.602;0.465;4;-7.539;1;0.0314;0.758;0.0000192;0.058;0.397;104.265;4;;;;;;;;;;
spotify:track:6XSYNsvSOtDzmH3lFUJnQl;Señora;15 Exitos Originales Con Rocio Jurado;Rocío Jurado;11/03/1984;219933;49;FALSE;mejoresplaylistsspotify;2025-10-22T09:35:09Z;flamenco;RCA Records Label;0.466;0.408;8;-17.623;0;0.137;0.287;0;0.0533;0.56;78.918;3;;;;;;;;;;
spotify:track:5fCYRuYxc1ox7yWKcKD6tf;Rock And Roll en la Plaza del Pueblo;Matricula De Honor/New Booklet;Tequila;04/01/1978;180266;42;FALSE;mejoresplaylistsspotify;2025-10-22T09:35:09Z;;Zafiro;0.423;0.909;7;-2.438;1;0.0801;0.00451;0.0000171;0.279;0.65;151.643;4;;;;;;;;;;
spotify:track:7kCiAaismDVaCjpyGF3YJB;Maneras de Vivir (Single Estudio);Maneras De Vivir;Leño;21/04/1997;252933;49;FALSE;mejoresplaylistsspotify;2025-10-22T09:35:09Z;;Zafiro;0.651;0.579;2;-8.537;1;0.0279;0.015;0.000796;0.162;0.669;126.382;4;;;;;;;;;;
spotify:track:5sh52OSkS9OoEBJSI2CVxr;Que Difícil Es Hacer El Amor En Un Simca 1000;Cara-Dura;Los Inhumanos;19/03/2001;184573;33;FALSE;mejoresplaylistsspotify;2025-10-22T09:35:09Z;rock en español;Zafiro;0.866;0.542;0;-6.44;1;0.0379;0.666;0;0.107;0.704;99.947;4;;;;;;;;;;
spotify:track:7J0niAY0FLzGiCVJUREl88;Escuela de Calor;La Ley Del Desierto;Radio Futura;20/04/1984;210840;54;FALSE;mejoresplaylistsspotify;2025-10-22T09:35:09Z;rock en español;Ariola;0.702;0.804;2;-10.086;1;0.0331;0.121;0.0231;0.0294;0.961;121.999;4;;;;;;;;;;
spotify:track:4YQ9WEYQG7fq0MAUYeB19Y;Vamos Muy Bien;El Que Mas;Obus;01/07/1984;218133;39;FALSE;mejoresplaylistsspotify;2025-10-22T09:35:09Z;;Zafiro;0.362;0.974;2;-5.585;1;0.0964;0.015;0.00000829;0.963;0.675;140.218;4;;;;;;;;;;
spotify:track:419FFiitGchOUaIMEY7Dqi;Asi Fue;Desde Andalucia;Isabel Pantoja;03/05/1988;325466;66;FALSE;mejoresplaylistsspotify;2025-10-22T09:35:09Z;villancicos,flamenco;RCA Records Label;0.733;0.319;7;-11.585;1;0.0298;0.322;0.00000818;0.2;0.466;110.002;4;;;;;;;;;;
spotify:track:4jpRPREFJcgUS6AZJFpCKl;Hijos de Caín;En Un Lugar De La Marcha;Barón Rojo;01/07/1985;358733;42;FALSE;mejoresplaylistsspotify;2025-10-22T09:35:09Z;rock en español,heavy metal;Zafiro;0.191;0.91;0;-5.658;0;0.0855;0.0061;0.0000179;0.463;0.368;67.87;4;;;;;;;;;;
spotify:track:7F5AYZAPcNE9rIpCCHFEeh;Agradecido;Loco Por Incordiar;Rosendo;28/11/1985;274626;46;FALSE;mejoresplaylistsspotify;2025-10-22T09:35:09Z;;RCA Records Label;0.437;0.977;2;-4.315;1;0.154;0.00395;0.0416;0.0685;0.497;174.309;4;;;;;;;;;;
spotify:track:7v2xvireH6Ba3FREa5wsRP;Y Sin Embargo;Yo, Mi, Me, Contigo;Joaquín Sabina;21/06/1996;277973;60;FALSE;mejoresplaylistsspotify;2025-10-22T09:35:09Z;trova,cantautores,nueva trova;Ariola;0.691;0.467;7;-10.208;1;0.0725;0.676;0.00000157;0.0935;0.551;168.733;4;;;;;;;;;;
spotify:track:27ZrFLElsXCUIrSvgGD497;Qué Canten los Niños - Homenaje a las Aldeas SOS;Con el Paso del Tiempo;José Luis Perales;1986;288733;47;FALSE;mejoresplaylistsspotify;2025-10-22T09:35:09Z;trova,villancicos;Sony Music Latin;0.507;0.227;5;-19.383;1;0.035;0.779;0;0.171;0.273;149.591;3;;;;;;;;;;
spotify:track:0Qhe5uFWO7RBDQKYQvtJIq;La Vida Que Mala Es - Remasterizado;Este Es Nuestro Tiempo 1986-1991 (Remasterizado);91;1986;246680;29;FALSE;mejoresplaylistsspotify;2025-10-22T09:35:09Z;;Legacy Recordings;0.629;0.914;9;-3.749;1;0.0623;0.24;0;0.222;0.782;109.119;4;;;;;;;;;;
spotify:track:2fYRXoal0ysbJJBUddCGDb;Mi Agüita Amarilla;30 Años de Éxitos;Los Toreros Muertos;30/01/1986;339933;56;FALSE;mejoresplaylistsspotify;2025-10-22T09:35:09Z;rock en español,rock latino;Ariola;0.712;0.55;0;-14.292;1;0.0467;0.124;0;0.22;0.893;130.46;4;;;;;;;;;;
spotify:track:5QrHfu4q83HjcFcRi2WlS3;Volare (Nel Blu di Pinto di Blu);Mosaïque;Gipsy Kings;02/08/1989;218520;0;FALSE;mejoresplaylistsspotify;2025-10-22T09:35:09Z;flamenco;Columbia;0.638;0.801;4;-11.433;1;0.0493;0.61;0.00000751;0.373;0.926;116.053;4;;;;;;;;;;
spotify:track:2a7Ufmq13NRMavrBYUN5Ex;Desátame;Palabra de Mujer;Monica Naranjo;15/04/1997;288933;54;FALSE;mejoresplaylistsspotify;2025-10-22T09:35:09Z;pop latino;Epic;0.57;0.945;7;-3.636;0;0.053;0.0345;0.00000443;0.175;0.593;136.285;4;;;;;;;;;;
spotify:track:6VuRx5yyACleleSGXzkrqG;Loco por Incordiar;Loco Por Incordiar;Rosendo;28/11/1985;213733;38;FALSE;mejoresplaylistsspotify;2025-10-22T09:35:09Z;;RCA Records Label;0.348;0.937;4;-3.699;0;0.0547;0.00268;0.000111;0.1;0.453;183.505;4;;;;;;;;;;
spotify:track:3pBmaSZCoLF0drPRuf85O5;Como Yo Te Amo - Remasterizado;Canciones Entrañables (Remasterizado);Rocío Jurado;1978;280213;45;FALSE;mejoresplaylistsspotify;2025-10-22T09:35:09Z;flamenco;Legacy Recordings;0.661;0.374;5;-12.249;1;0.0399;0.705;0.0099;0.681;0.187;137.06;4;;;;;;;;;;
spotify:track:2kfSFdq2h0xLXq01em1zc7;La Gata Bajo la Lluvia;Sus 16 Grandes Exitos;Rocío Dúrcal;05/03/1983;219106;67;FALSE;mejoresplaylistsspotify;2025-10-22T09:35:09Z;ranchera,mariachi,bolero;Ariola;0.499;0.648;7;-5.812;1;0.0331;0.723;0;0.576;0.464;88.14;4;;;;;;;;;;
spotify:track:5wI6PpGIGw25jewhrbnxWG;Hoy Quiero Confesarme;Marinero De Luces;Isabel Pantoja;1985;289293;47;FALSE;mejoresplaylistsspotify;2025-10-22T09:35:09Z;villancicos,flamenco;RCA Records Label;0.303;0.36;5;-11.979;1;0.0512;0.486;0;0.372;0.559;76.992;4;;;;;;;;;;
spotify:track:345wiXlfRlPPmZE9qOLpcq;Asi Estoy Yo Sin Ti;Hotel, Dulce Hotel;Joaquín Sabina;31/08/1987;306133;52;FALSE;mejoresplaylistsspotify;2025-10-22T09:35:09Z;trova,cantautores,nueva trova;Ariola;0.634;0.483;7;-9.432;1;0.0324;0.306;0;0.405;0.435;72.004;4;;;;;;;;;;
spotify:track:1VHM7HjNxtZkApy2EabI4e;El Mundo Tras el Cristal;2 En 1 - Vamonos - Cuando Brille El Sol;La Guardia;04/01/1999;205066;46;FALSE;mejoresplaylistsspotify;2025-10-22T09:35:09Z;;Zafiro;0.679;0.709;11;-10.982;1;0.0398;0.262;0;0.132;0.818;106.731;4;;;;;;;;;;
spotify:track:3uMYq07Kj5m564OQwdSCrD;Cuando Pase El Temblor - Remasterizado 2007;Nada Personal (Remastered);Soda Stereo;09/10/1985;229160;75;FALSE;mejoresplaylistsspotify;2025-10-22T09:35:09Z;rock en español,rock latino,rock argentino,música alternativa latina;Columbia;0.652;0.607;0;-8.657;1;0.0368;0.0314;0.00285;0.0721;0.72;94.089;4;;;;;;;;;;
spotify:track:4oCGALJSQZxLnsnPPgShln;Veneno en la Piel;Veneno En La Piel;Radio Futura;20/03/1990;222013;53;FALSE;mejoresplaylistsspotify;2025-10-22T09:35:09Z;rock en español;Ariola;0.692;0.797;2;-11.34;1;0.0266;0.0565;0.000113;0.12;0.973;139.498;4;;;;;;;;;;
spotify:track:1EZypwk0xcj64ZLAglhLs2;La Cosa Mas Bella;Donde Hay Música (Spanish Version);Eros Ramazzotti;01/05/1996;265626;73;FALSE;mejoresplaylistsspotify;2025-10-22T09:35:09Z;italo dance;DDD;0.708;0.752;8;-6.68;1;0.026;0.0813;0;0.204;0.599;110.001;4;;;;;;;;;;
spotify:track:2c4lkvFscid22nr32FByC4;Mil Calles Llevan Hacia Ti;Vamonos;La Guardia;27/07/1988;224986;52;FALSE;mejoresplaylistsspotify;2025-10-22T09:35:09Z;;Zafiro;0.489;0.774;9;-11.099;1;0.0337;0.311;0.00000671;0.046;0.868;178.494;4;;;;;;;;;;
spotify:track:0aIO4vndXigQGEo3hbIkhq;Me Duele La Cara De Ser Tan Guapo;30 Hombres Solos;Los Inhumanos;01/08/1988;231013;47;FALSE;mejoresplaylistsspotify;2025-10-22T09:35:09Z;rock en español;Zafiro;0.643;0.906;7;-9.439;1;0.0833;0.323;0.00000516;0.163;0.792;196.289;4;;;;;;;;;;
spotify:track:0DXI6c9tNWsI4tvUftkQN8;Tu Calorro;Estopa;Estopa;18/10/1999;190626;65;FALSE;mejoresplaylistsspotify;2025-10-22T09:35:09Z;flamenco,flamenco pop;Ariola;0.713;0.768;0;-9.115;1;0.0662;0.229;0;0.447;0.962;88.012;4;;;;;;;;;;
spotify:track:3zYohktAenCUDxxdPtFU6M;Entre Tu y Yo;La Cabaña de la Colina;El Norte;01/09/1988;225520;40;FALSE;mejoresplaylistsspotify;2025-10-22T09:35:09Z;;Columbia;0.566;0.898;1;-6.989;1;0.0376;0.192;0.0000266;0.0721;0.675;117.394;4;;;;;;;;;;
spotify:track:3OLADK5y0rOTjyuQ6cPn7t;Por Ella;Por Ella;José Manuel Soto;31/10/1988;305840;34;FALSE;mejoresplaylistsspotify;2025-10-22T09:35:09Z;flamenco,flamenco pop,villancicos;Columbia;0.351;0.443;2;-12.551;1;0.0663;0.6;0.000143;0.199;0.288;175.114;4;;;;;;;;;;
spotify:track:58psRexxWVZNbcUK5BU1d4;Lija Y Terciopelo;La Patera;Marea;26/07/1999;274893;0;FALSE;mejoresplaylistsspotify;2025-10-22T09:35:09Z;;RCA Records Label;0.438;0.958;5;-4.832;1;0.109;0.000528;0.00628;0.169;0.853;184.151;4;;;;;;;;;;
spotify:track:0ZFJDxWClJb4FAVDpANc9O;Djobi, Djoba;Gipsy Kings;Gipsy Kings;23/02/1987;204240;0;FALSE;mejoresplaylistsspotify;2025-10-22T09:35:09Z;flamenco;Columbia;0.716;0.891;5;-12.562;1;0.0564;0.677;0.00369;0.208;0.842;108.252;4;;;;;;;;;;
spotify:track:47WTpJKUjZ4hxNECGMAVhS;Ese Hombre;Señora;Rocío Jurado;1979;269560;49;FALSE;mejoresplaylistsspotify;2025-10-22T09:35:09Z;flamenco;RCA Records Label;0.427;0.616;8;-9.937;0;0.538;0.168;0;0.0638;0.69;191.335;3;;;;;;;;;;
spotify:track:5emip48zTbBMf2VBQiX7ki;Mueve Tus Caderas;Burning en Directo (Dulce Dieciseis);Burning;18/03/1991;253666;32;FALSE;mejoresplaylistsspotify;2025-10-22T09:35:09Z;;Ariola;0.489;0.829;2;-12.716;1;0.0421;0.324;0.294;0.199;0.618;136.689;4;;;;;;;;;;
spotify:track:63ZPDjygXPMtqmpcoJUVk5;Libertad Sin Ira;Libertad Sin Ira;Jarcha;27/05/1991;222000;33;FALSE;mejoresplaylistsspotify;2025-10-22T09:35:09Z;cantautores,flamenco;Zafiro;0.692;0.409;9;-16.406;1;0.0467;0.831;0;0.127;0.741;121.354;4;;;;;;;;;;
spotify:track:2x3MxkdvKiWvLor7yNeLWB;All My Loving;Pasión Condal;Los Manolos;23/06/1991;193306;45;FALSE;mejoresplaylistsspotify;2025-10-22T09:35:09Z;flamenco,flamenco pop;RCA Records Label;0.691;0.88;6;-9.687;1;0.0308;0.247;0.0177;0.296;0.961;103.491;4;;;;;;;;;;
spotify:track:0X1XgxtHG9hULAw296CCgz;El Gato Que Está Triste y Azul - Un Gato Nel Blu;El Arte De Roberto Carlos;Roberto Carlos;1992;232200;66;FALSE;mejoresplaylistsspotify;2025-10-22T09:35:09Z;mpb,brega,bolero;Columbia;0.439;0.373;4;-13.922;1;0.0321;0.657;0;0.488;0.603;112.205;4;;;;;;;;;;
spotify:track:3xbymP6jIcdN0O2PB420bz;Escándalo;Ave Fénix;Raphael;1992;304853;47;FALSE;mejoresplaylistsspotify;2025-10-22T09:35:09Z;villancicos;Sony Music Latin;0.732;0.892;1;-9.469;1;0.0517;0.335;0.0146;0.116;0.906;112.295;4;;;;;;;;;;
spotify:track:75QcWSFMIh8wkbGHdVQoju;Cuéntame al Oido;Dile al Sol;La Oreja de Van Gogh;18/05/1998;191266;58;FALSE;mejoresplaylistsspotify;2025-10-22T09:35:09Z;pop latino;Epic;0.646;0.604;0;-7.041;1;0.0306;0.616;0;0.119;0.537;133.072;4;;;;;;;;;;
spotify:track:2RPNwpCcxVBhwhNUrJIiyG;A Mi Manera (Comme D'Habitude);Gipsy Kings;Gipsy Kings;23/02/1987;231533;0;FALSE;mejoresplaylistsspotify;2025-10-22T09:35:09Z;flamenco;Columbia;0.432;0.563;8;-13.219;1;0.0491;0.786;0.000247;0.134;0.597;94.671;4;;;;;;;;;;
spotify:track:5OaqffbeQyVVqtnA71Ci7K;Por la Raja de Tu Falda;Estopa;Estopa;18/10/1999;202826;65;FALSE;mejoresplaylistsspotify;2025-10-22T09:35:09Z;flamenco,flamenco pop;Ariola;0.759;0.722;9;-9.906;0;0.0765;0.323;0;0.719;0.928;97.518;4;;;;;;;;;;
spotify:track:5F9NOb35E8wWEFY79Dv4vE;Echo De Menos;Puro Veneno;Kiko Veneno;28/09/1998;240093;42;FALSE;mejoresplaylistsspotify;2025-10-22T09:35:09Z;flamenco,flamenco pop;RCA Records Label;0.762;0.663;8;-9.198;0;0.0453;0.553;0;0.112;0.871;105.443;4;;;;;;;;;;
spotify:track:0SFZ2bE1hVX3k5tECWziYm;Con la Misma Piedra;Moments;Julio Iglesias;1982;237866;66;FALSE;mejoresplaylistsspotify;2025-10-22T09:35:09Z;bolero;Columbia;0.664;0.498;0;-13.824;0;0.12;0.564;0;0.176;0.479;90.469;4;;;;;;;;;;
spotify:track:6rVZRbWjALEyy1i6noyQ6j;Garlochi;Que Dile y Dile;Isabel Pantoja;1975;243813;21;FALSE;mejoresplaylistsspotify;2025-10-22T09:35:09Z;villancicos,flamenco;RCA Records Label;0.55;0.705;5;-9.325;0;0.0856;0.584;0.00000132;0.101;0.834;104.472;4;;;;;;;;;;
spotify:track:6bEep0TL9On222hdpcsCcH;Un Ramito de Violetas;Un Ramito De Violetas;Cecilia;05/03/1992;252666;49;FALSE;mejoresplaylistsspotify;2025-10-22T09:35:09Z;cantautores;Columbia;0.329;0.227;9;-16.514;0;0.0469;0.937;0.0000265;0.465;0.319;73.807;4;;;;;;;;;;
spotify:track:6uojMoKuVkIVEeqH4JCBAr;Alba;Cosas Mias;Antonio Flores;25/05/1994;224506;48;FALSE;mejoresplaylistsspotify;2025-10-22T09:35:09Z;flamenco,trova,cantautores;RCA Records Label;0.797;0.939;7;-8.48;1;0.0635;0.191;0.000187;0.0892;0.943;93.016;4;;;;;;;;;;
spotify:track:4UjqoyfmarLo3Ub3LE19eC;El Vals del Obrero;El Vals Del Obrero;Ska-P;01/03/1996;277933;58;FALSE;mejoresplaylistsspotify;2025-10-22T09:35:09Z;ska,ska punk,ska mexicano;RCA Records Label;0.505;0.835;5;-5.524;1;0.0685;0.0418;0.00000112;0.171;0.674;102.097;4;;;;;;;;;;
spotify:track:6BEhC3j62wIpe9m7zPL4Tx;Pantera en Libertad;Palabra de Mujer;Monica Naranjo;15/04/1997;283573;49;FALSE;mejoresplaylistsspotify;2025-10-22T09:35:09Z;pop latino;Epic;0.599;0.913;3;-4.871;0;0.0443;0.27;0.0000188;0.155;0.281;131.423;4;;;;;;;;;;
spotify:track:15m2Op4d1ZtX0ScPaDNKcd;Vino Tinto;Destrangis;Estopa;23/10/2001;198560;64;FALSE;mejoresplaylistsspotify;2025-10-22T09:35:09Z;flamenco,flamenco pop;Ariola;0.694;0.935;7;-3.215;1;0.105;0.359;0;0.0324;0.797;92.478;4;;;;;;;;;;
spotify:track:48NDGoswkW8hbg1IszYp2V;Despellejo;La Patera;Marea;26/07/1999;219213;0;FALSE;mejoresplaylistsspotify;2025-10-22T09:35:09Z;;RCA Records Label;0.462;0.97;0;-4.886;1;0.129;0.000185;0.145;0.247;0.808;176.032;4;;;;;;;;;;
spotify:track:2YhVvYKpwAFM01pCAn0rTW;De Niña a Mujer;De Nina A Mujer;Julio Iglesias;1981;198200;61;FALSE;mejoresplaylistsspotify;2025-10-22T09:35:09Z;bolero;Columbia;0.43;0.25;0;-17.067;1;0.029;0.702;0;0.383;0.413;104.387;4;;;;;;;;;;
spotify:track:1O8RTsFAZGN9GmXvfaa1Tc;En un Mercedes Blanco;Echate Un Cantecito;Kiko Veneno;1992;262666;37;FALSE;mejoresplaylistsspotify;2025-10-22T09:35:09Z;flamenco,flamenco pop;Legacy Recordings;0.721;0.718;4;-14.982;0;0.0507;0.293;0.0000331;0.189;0.78;107.956;4;;;;;;;;;;
spotify:track:6PfQB3xEbIlky1dXOb3Yyh;Amigos para Siempre;Dulce Veneno;Los Manolos;23/06/1992;264826;49;FALSE;mejoresplaylistsspotify;2025-10-22T09:35:09Z;flamenco,flamenco pop;RCA Records Label;0.705;0.845;1;-10.123;1;0.0445;0.343;0.00000231;0.0634;0.925;117.652;4;;;;;;;;;;
spotify:track:1p6WLICpvRXvTgP9aMcBvK;Cómo Han Pasado los Años;Hay Amores Y Amores;Rocío Dúrcal;25/04/1995;214933;56;FALSE;mejoresplaylistsspotify;2025-10-22T09:35:09Z;ranchera,mariachi,bolero;Ariola;0.593;0.419;5;-8.119;1;0.0265;0.477;0.00261;0.132;0.375;89.84;4;;;;;;;;;;
spotify:track:6VVBXRsXAuN5UvqKNw7j0l;Cacho a Cacho;Estopa;Estopa;18/10/1999;148746;60;FALSE;mejoresplaylistsspotify;2025-10-22T09:35:09Z;flamenco,flamenco pop;Ariola;0.456;0.843;0;-8.682;1;0.0559;0.105;0.00176;0.0939;0.842;79.608;4;;;;;;;;;;
spotify:track:1gsPpI8D9cHgW94UoQb2YH;Sangre Española;Sangre Española;Manolo Tena;02/11/1992;201960;41;FALSE;mejoresplaylistsspotify;2025-10-22T09:35:09Z;trova,nueva trova;Epic;0.768;0.649;9;-8.455;0;0.0325;0.238;0.00131;0.114;0.837;112.049;4;;;;;;;;;;
spotify:track:2i7SlECYIAsT72FpLUU1Uj;Me Gustas Mucho;Mis Mejores Canciones;Rocío Dúrcal;14/10/1992;188826;56;FALSE;mejoresplaylistsspotify;2025-10-22T09:35:09Z;ranchera,mariachi,bolero;Ariola;0.632;0.307;5;-10.749;1;0.0341;0.23;0.00000702;0.146;0.951;120.52;4;;;;;;;;;;
spotify:track:2XOuNjvWYgPmdtTwjQTd23;"Amor de Hombre (De ""La Leyenda del Beso"")";Personalidad;Mocedades;01/01/2000;184613;41;FALSE;mejoresplaylistsspotify;2025-10-22T09:35:09Z;trova;Sony Special Products;0.447;0.593;2;-4.272;1;0.0349;0.592;0;0.627;0.393;168.5;4;;;;;;;;;;
spotify:track:7aOFPde65u12EJmh1dr7uL;La Gata Bajo la Lluvia;Mis Mejores Canciones;Rocío Dúrcal;14/10/1992;217506;56;FALSE;mejoresplaylistsspotify;2025-10-22T09:35:09Z;ranchera,mariachi,bolero;Ariola;0.302;0.461;7;-12.678;1;0.0547;0.717;0.00000223;0.57;0.521;175.799;4;;;;;;;;;;
spotify:track:1x8tjll0oP07qkZWVtm8ap;Sevilla Tiene un Color Especial;Alegria Y Cosabuena;Los Del Rio;19/03/2001;227666;46;FALSE;mejoresplaylistsspotify;2025-10-22T09:35:09Z;;Zafiro;0.617;0.791;0;-6.749;1;0.0563;0.564;0;0.154;0.498;100.088;4;;;;;;;;;;
spotify:track:2e7mL0M7mvjYVANfWPUjCH;Solo Se Vive una Vez;Monica Naranjo;Monica Naranjo;14/03/1994;253266;64;FALSE;mejoresplaylistsspotify;2025-10-22T09:35:09Z;pop latino;Epic;0.744;0.993;11;-5.146;0;0.0548;0.0205;0.00000412;0.107;0.959;131.912;4;;;;;;;;;;
spotify:track:29opVIw8I1BOZntEn3Un2I;La Puerta de Alcalá;Grandes Exitos;Ana Belén;;;;;;;;;;;;;;;;;;;;;;;;;;;;;;
spotify:track:3Cdlb91oUTuN2hOVNdhfQT;Tocar Madera;Sangre Española;Manolo Tena;02/11/1992;312773;34;FALSE;mejoresplaylistsspotify;2025-10-22T09:35:09Z;trova,nueva trova;Epic;0.763;0.756;0;-8.053;1;0.0415;0.085;0.00219;0.218;0.732;120.102;4;;;;;;;;;;
spotify:track:1Hud0EePGdcqcHIIDksq3R;Volando Voy;Echate Un Cantecito;Kiko Veneno;1992;263000;36;FALSE;mejoresplaylistsspotify;2025-10-22T09:35:09Z;flamenco,flamenco pop;Legacy Recordings;0.633;0.901;4;-7.842;1;0.0859;0.326;0.0000038;0.0586;0.71;120.971;4;;;;;;;;;;
spotify:track:6BOdOiwlrChSQkyO9CQnYQ;Las Campanas del Amor;Palabra de Mujer;Monica Naranjo;15/04/1997;247866;43;FALSE;mejoresplaylistsspotify;2025-10-22T09:35:09Z;pop latino;Epic;0.636;0.971;11;-3.532;1;0.0583;0.071;0;0.0969;0.508;130.454;4;;;;;;;;;;
spotify:track:3Z7i0ghN5TKtS4dINyxHkD;No Quiero Ser Un Poeta;La Patera;Marea;26/07/1999;210306;0;FALSE;mejoresplaylistsspotify;2025-10-22T09:35:09Z;;RCA Records Label;0.446;0.972;7;-5.486;1;0.125;0.000301;0.522;0.0491;0.656;175.934;4;;;;;;;;;;
spotify:track:6DuKoeebIsPMWfSoUURTch;Exiliado en el Lavabo;Estopa;Estopa;18/10/1999;195840;46;FALSE;mejoresplaylistsspotify;2025-10-22T09:35:09Z;flamenco,flamenco pop;Ariola;0.69;0.434;11;-12.579;0;0.035;0.215;0.000013;0.0963;0.514;142.852;4;;;;;;;;;;
spotify:track:1uhnqKiXLGn1gMxa8bhWSs;Tú y Yo Volvemos al Amor;Palabra de Mujer;Monica Naranjo;15/04/1997;272640;49;FALSE;mejoresplaylistsspotify;2025-10-22T09:35:09Z;pop latino;Epic;0.686;0.8;9;-5.348;1;0.0358;0.31;0;0.1;0.638;140.141;4;;;;;;;;;;
spotify:track:1MO5KuLnSaY1dlkWGDjHkT;¡Que Bonito!;Mucho Por Vivir;Rosario;18/10/1996;229386;61;FALSE;mejoresplaylistsspotify;2025-10-22T09:35:09Z;flamenco,flamenco pop;Epic;0.791;0.407;9;-10.757;1;0.0321;0.401;0.000105;0.103;0.518;103.989;4;;;;;;;;;;
spotify:track:4MyM4n3kLdnWtgkjxnjfhC;El Tren;Leño;Leño;01/07/1979;266000;33;FALSE;mejoresplaylistsspotify;2025-10-22T09:35:09Z;;Zafiro;0.27;0.77;0;-4.268;1;0.0774;0.0508;0.0537;0.28;0.564;187.826;4;;;;;;;;;;
spotify:track:1Nr7Sj9d0dVZ6xJdvoS5yE;Te Estoy Queriendo Tanto;Cantando Que Es Gerundio;Siempre Asi;23/06/1997;128733;50;FALSE;mejoresplaylistsspotify;2025-10-22T09:35:09Z;flamenco,villancicos,flamenco pop;Discos De Arte;0.671;0.535;8;-9.47;0;0.125;0.395;0.0000669;0.0544;0.759;95.94;4;;;;;;;;;;
spotify:track:7h23pwnb6mQ7EMAJ4GX1rR;La Sombra de una Palmera;Arena En Los Bolsillos;Manolo Garcia;14/11/1998;249666;36;FALSE;mejoresplaylistsspotify;2025-10-22T09:35:09Z;flamenco,flamenco pop;Ariola;0.784;0.525;4;-7.57;1;0.0395;0.493;0.000482;0.0903;0.613;115;3;;;;;;;;;;
spotify:track:3k1Iotkfi1LxRmhjn3Lz43;Trasegando;La Patera;Marea;26/07/1999;166493;0;FALSE;mejoresplaylistsspotify;2025-10-22T09:35:09Z;;RCA Records Label;0.527;0.976;11;-4.397;1;0.0702;0.0000863;0.00966;0.179;0.626;90.088;4;;;;;;;;;;
spotify:track:4UMCpYrmgZv9CsyLvrws4F;El del Medio de los Chichos;Estopa;Estopa;18/10/1999;227013;56;FALSE;mejoresplaylistsspotify;2025-10-22T09:35:09Z;flamenco,flamenco pop;Ariola;0.603;0.842;9;-8.393;0;0.0466;0.14;0;0.199;0.741;90.447;4;;;;;;;;;;
spotify:track:0Gj3HNhYtZaWmvURTwC4X5;Lobo Lopez;Echate Un Cantecito;Kiko Veneno;1992;332560;34;FALSE;mejoresplaylistsspotify;2025-10-22T09:35:09Z;flamenco,flamenco pop;Legacy Recordings;0.891;0.607;6;-9.137;0;0.0309;0.606;0.000261;0.104;0.834;120.634;4;;;;;;;;;;
spotify:track:7037bX3jdaUWUAXL12CHGy;Sarà perché ti amo;The Collection;Ricchi E Poveri;1998;190693;70;FALSE;mejoresplaylistsspotify;2025-10-22T09:35:09Z;italo dance,disco italiana;Baby Records;0.837;0.751;4;-8.245;1;0.0377;0.122;0;0.0582;0.964;120.196;4;;;;;;;;;;
spotify:track:5Yyfn55vZBQlC2j1GuYWIM;Anduriña;Pop De Los 60;Juan Y Junior;01/07/1998;183333;31;FALSE;mejoresplaylistsspotify;2025-10-22T09:35:09Z;;Zafiro;0.582;0.501;2;-6.136;1;0.024;0.234;0;0.186;0.814;100.3;4;;;;;;;;;;
spotify:track:2komT9UQNsUDo7qvTDAZKn;My Way (with Paul Anka);My Life: The Greatest Hits;Julio Iglesias;;;;;;;;;;;;;;;;;;;;;;;;;;;;;;
spotify:track:5r5hCjNjWdmQTHtHBZ7ghy;Corazón Contento;De Marisol A Pepa Flores;Marisol;18/01/1999;180400;45;FALSE;mejoresplaylistsspotify;2025-10-22T09:35:09Z;villancicos;Zafiro;0.586;0.829;2;-3.781;0;0.0307;0.157;0.0000693;0.0689;0.951;131.386;4;;;;;;;;;;
spotify:track:19TYg1tkwLpOH2mxyE6X7u;Contamíname - En Directo;Mucho Mas Que Dos (Live In Concert);Ana Belén;;;;;;;;;;;;;;;;;;;;;;;;;;;;;;
spotify:track:2LmQV8kR5L6ooO1hTokgwa;Cerrado por Derribo;19 Dias Y 500 Noches;Joaquín Sabina;27/09/1999;276440;34;FALSE;mejoresplaylistsspotify;2025-10-22T09:35:09Z;trova,cantautores,nueva trova;Legacy Recordings;0.464;0.606;10;-8.946;1;0.0422;0.724;0;0.195;0.701;127.31;5;;;;;;;;;;
spotify:track:1ZJe2q23LXHnE79UjnJqyx;Tómame o Déjame - Remasterizado;Mocedades 5;Mocedades;1973;187000;54;FALSE;mejoresplaylistsspotify;2025-10-22T09:35:09Z;trova;Serdisco;0.408;0.59;10;-5.687;1;0.0304;0.455;0.00095;0.216;0.416;78.764;4;;;;;;;;;;
spotify:track:2nlqpnAzHv9Xevin3kEAk3;Solo Le Pido a Dios - En Directo;Esencial Antonio Flores;Antonio Flores;;;;;;;;;;;;;;;;;;;;;;;;;;;;;;
spotify:track:3AH6GaEPShZyjS7DVZMYRE;Suma y Sigue;Estopa;Estopa;18/10/1999;194973;42;FALSE;mejoresplaylistsspotify;2025-10-22T09:35:09Z;flamenco,flamenco pop;Ariola;0.777;0.621;9;-9.737;0;0.0319;0.47;0;0.0969;0.936;126.036;4;;;;;;;;;;
spotify:track:69aj4fQBQCAHoGcn1PBbGS;Tan Solo;Estopa;Estopa;18/10/1999;270226;40;FALSE;mejoresplaylistsspotify;2025-10-22T09:35:09Z;flamenco,flamenco pop;Ariola;0.558;0.313;4;-11.935;0;0.0292;0.659;0.000551;0.158;0.229;132.044;4;;;;;;;;;;
spotify:track:0snvfum1KpU3X8DdAvV9bo;La Ultima Carta;El Ser Humano Es Raro;Los Cucas;02/12/1999;292333;38;FALSE;mejoresplaylistsspotify;2025-10-22T09:35:09Z;;Columbia;0.615;0.875;9;-4.922;0;0.0543;0.297;0;0.699;0.891;112.013;4;;;;;;;;;;
spotify:track:4TUYhTFCrUoJCONLmcZ3Zg;Marea;La Patera;Marea;26/07/1999;265226;0;FALSE;mejoresplaylistsspotify;2025-10-22T09:35:09Z;;RCA Records Label;0.386;0.983;11;-4.468;0;0.164;0.000119;0.449;0.096;0.544;186.03;4;;;;;;;;;;
spotify:track:5QJhfu8ajjVuJetRxw1B4K;Cumpleaños Total;Canciones para una Orquesta Química;Los Planetas;03/05/1999;188666;24;FALSE;mejoresplaylistsspotify;2025-10-22T09:35:09Z;;RCA Records Label;0.389;0.746;9;-9.771;1;0.0557;0.00162;0.488;0.0825;0.843;152.487;4;;;;;;;;;;
spotify:track:00HQYoYw5bOa2znVg4EjDU;Viernes;Arena En Los Bolsillos;Manolo Garcia;14/11/1998;217760;39;FALSE;mejoresplaylistsspotify;2025-10-22T09:35:09Z;flamenco,flamenco pop;Ariola;0.542;0.878;0;-3.708;0;0.0633;0.0418;0;0.298;0.431;145.276;4;;;;;;;;;;
spotify:track:6IDgYT1p1n0M5kQVjLQozC;Aprendiz;Aprendiz;Malú;12/07/1998;287626;47;FALSE;mejoresplaylistsspotify;2025-10-22T09:35:09Z;flamenco pop,flamenco;Columbia;0.538;0.646;9;-5.818;0;0.046;0.526;0;0.335;0.415;80.429;4;;;;;;;;;;
spotify:track:7GITdJq0WUdMk2NgHIDFFq;No Se por Que Te Quiero;Mirame;Ana Belén;;;;;;;;;;;;;;;;;;;;;;;;;;;;;;
spotify:track:4WvnRJcRu1SIaMKEh0Fixx;Entender el Amor;Palabra de Mujer;Monica Naranjo;15/04/1997;326066;45;FALSE;mejoresplaylistsspotify;2025-10-22T09:35:09Z;pop latino;Epic;0.667;0.981;1;-3.587;0;0.0475;0.113;0.0000588;0.0754;0.83;130.206;4;;;;;;;;;;
spotify:track:2rHhKu1hW8uqyr7LSrRn8E;Bandido;Bandido;Azucar Moreno;1990;182866;44;FALSE;mejoresplaylistsspotify;2025-10-22T09:35:09Z;flamenco;Epic;0.735;0.817;1;-8.595;1;0.036;0.0414;0.00000514;0.806;0.799;127.912;4;;;;;;;;;;
spotify:track:2JilhEGTNpRPIe2MvOuoAK;El Lado Mas Bestia de la Vida;Albert Pla Supone A Fonollosa;Albert Pla;24/07/1995;281520;34;FALSE;mejoresplaylistsspotify;2025-10-22T09:35:09Z;cantautores;Ariola;0.794;0.496;0;-11.891;1;0.0613;0.723;0.000597;0.0941;0.836;102.076;4;;;;;;;;;;
spotify:track:0FJ1nspObgdR0mAJARUAph;Lía;Mucho Mas Que Dos (Live In Concert);Ana Belén;09/05/1994;320333;39;FALSE;mejoresplaylistsspotify;2025-10-22T09:35:09Z;trova,nueva trova,cantautores,bolero;Ariola;0.417;0.315;10;-16.589;0;0.0554;0.575;0;0.955;0.152;114.322;4;;;;;;;;;;
spotify:track:3QRTdOa9TWLuaPrCa2OLXj;El Amor Coloca;Monica Naranjo;Monica Naranjo;14/03/1994;243733;61;FALSE;mejoresplaylistsspotify;2025-10-22T09:35:09Z;pop latino;Epic;0.616;0.925;6;-6.361;0;0.0465;0.0521;0.000012;0.0829;0.787;123.47;4;;;;;;;;;;
spotify:track:6owkEWcE2ufyCnoT6Sk3RY;Jartos d'Aguantar;Sol y Rabia;Reincidentes;09/08/1993;263653;0;FALSE;mejoresplaylistsspotify;2025-10-22T09:35:09Z;punk,ska punk;Discos Suicidas;0.322;0.833;9;-9.115;1;0.0545;0.00158;0.0000594;0.216;0.564;145.03;4;;;;;;;;;;
spotify:track:4zMJYmYSTZBNn1YdZVznSS;Sabor, Sabor;De Ley;Rosario;20/04/1992;263840;43;FALSE;mejoresplaylistsspotify;2025-10-22T09:35:09Z;flamenco,flamenco pop;NITRON media;0.783;0.591;6;-13.053;0;0.0374;0.127;0.0154;0.0654;0.855;135.739;4;;;;;;;;;;
spotify:track:75cWbqIqhfEfX8uOHlgWZV;Punto De Partida (with Monica Naranjo);Rocio Siempre;Rocío Jurado;;;;;;;;;;;;;;;;;;;;;;;;;;;;;;
spotify:track:4WtO0pdIHTuVwQAVFmfIHQ;Te Amo;Franco De Vita En Primera Fila;Franco De Vita;30/05/2011;218760;60;FALSE;mejoresplaylistsspotify;2025-10-22T09:35:09Z;pop latino;Sony Music Latin;0.584;0.636;10;-6.654;1;0.0517;0.539;0.00000594;0.871;0.337;129.24;4;;;;;;;;;;
spotify:track:2Oa3BKEKqaceIWKjXELmfp;No Hay Tregua;No Hay Tregua;Barricada;1986;244000;37;FALSE;mejoresplaylistsspotify;2025-10-22T09:35:09Z;;RCA Records Label;0.579;0.685;7;-11.189;1;0.0335;0.00759;0.00039;0.0404;0.797;143.651;4;;;;;;;;;;
spotify:track:1qKxd0wZWIBR2D3dqFJbVD;Corazón de Tiza;Caja de Canciones;Radio Futura;1984;216560;43;FALSE;mejoresplaylistsspotify;2025-10-22T09:35:09Z;rock en español;Ariola;0.57;0.866;4;-10.056;1;0.0401;0.0393;0.000556;0.354;0.861;98.823;4;;;;;;;;;;
spotify:track:4fecwWpiLBXPEt4h5g0M0n;Groenlandia;Groenlandia;Zombies;06/05/2008;225133;42;FALSE;mejoresplaylistsspotify;2025-10-22T09:35:09Z;;BMG Music;0.729;0.74;8;-5.186;0;0.0309;0.36;0.062;0.0769;0.848;149.76;4;;;;;;;;;;
spotify:track:7KTDSXZGdlsbUsdPnZsJMr;La Noche No Es para Mí;Videorama;Video;01/02/2000;282293;35;FALSE;mejoresplaylistsspotify;2025-10-22T09:35:09Z;;Zafiro;0.581;0.906;1;-4.46;1;0.0911;0.0749;0.0665;0.367;0.926;166.927;4;;;;;;;;;;
spotify:track:437MUs4kWnpM79CIwCHiRP;Fotonovela;Lo Mejor de Ivan;Ivan;1979;275720;49;FALSE;mejoresplaylistsspotify;2025-10-22T09:35:09Z;disco italiana,italo dance,hi-nrg;Sony Music Entertainment;0.683;0.568;9;-11.339;0;0.0337;0.0315;0.126;0.0802;0.962;119.8;4;;;;;;;;;;
spotify:track:4bus2q9CQeh0c4qboNWJTz;Yo No Me Llamo Javier;30 Años de Éxitos;Los Toreros Muertos;30/01/1986;263506;54;FALSE;mejoresplaylistsspotify;2025-10-22T09:35:09Z;rock en español,rock latino;Ariola;0.734;0.665;0;-10.352;1;0.063;0.449;0.0000128;0.0947;0.895;128.798;4;;;;;;;;;;
spotify:track:43jXcwbCZJqEEZRkIXT8mJ;Voy a mil;Grandes Exitos;Ole Ole;30/03/2010;259959;21;FALSE;mejoresplaylistsspotify;2025-10-22T09:35:09Z;;Parlophone Spain;0.665;0.898;9;-5.367;1;0.0887;0.218;0.00617;0.0661;0.656;75.894;4;;;;;;;;;;
spotify:track:0j3BKjl92queCWvJ3FpE08;La Vida Qué Mala Es;Último Concierto;91;1996;358747;27;FALSE;mejoresplaylistsspotify;2025-10-22T09:35:09Z;;Pentatonia Records;0.568;0.844;9;-5.801;1;0.0825;0.0282;0.00108;0.951;0.336;111.903;4;;;;;;;;;;
spotify:track:6xsvRkIKGEnMkMSKruiabe;Todos los Negritos Tienen Hambre (Y Frío) - Vivo 1984;Vaya Cristo!;Glutamato Ye Ye;11/02/2013;221293;18;FALSE;mejoresplaylistsspotify;2025-10-22T09:35:09Z;;LEMURIA MUSIC;0.311;0.877;2;-3.221;1;0.0389;0.062;0.00000322;0.344;0.753;139.305;4;;;;;;;;;;
spotify:track:7yuTvocZwclFVYlEgrkjaA;¿Y Tú de Quién Eres?;Los Grandisimos Exitos De Los Chanlas;No Me Pises Que Llevo Chanclas;20/05/1996;226640;36;FALSE;mejoresplaylistsspotify;2025-10-22T09:35:09Z;;CBS;0.62;0.802;0;-6.837;1;0.0451;0.142;0;0.0602;0.785;79.218;4;;;;;;;;;;
spotify:track:5DxWT0fsJiySSxJdRm4Ih1;Acércate y Bésame;Volver a Casa;La Trampa;20/07/1990;237733;31;FALSE;mejoresplaylistsspotify;2025-10-22T09:35:09Z;;Sony Music Entertainment;0.694;0.837;9;-9.362;1;0.0321;0.0183;0;0.294;0.772;137.929;4;;;;;;;;;;
spotify:track:4V9rNbT5b0TTZrGAEgteDi;Camino de la cama;En Beneficio De todos;Siniestro Total;01/01/1990;212360;28;FALSE;mejoresplaylistsspotify;2025-10-22T09:35:09Z;;DRO/EastWest Spain;0.583;0.955;2;-3.482;1;0.0628;0.0085;0;0.202;0.858;157.035;4;;;;;;;;;;
spotify:track:6XBqSb8GsrLzTLcr5kwmUN;Te Echo de Menos;Corazon De Rock & Roll;La Trampa;19/03/2001;274973;29;FALSE;mejoresplaylistsspotify;2025-10-22T09:35:09Z;;Zafiro;0.643;0.898;5;-4.889;1;0.0337;0.074;0;0.237;0.783;112.523;4;;;;;;;;;;
spotify:track:0hReeFKWUNxbwQr5XGisXD;Mala Mujer;Doctor Amor;Los Sencillos;19/03/2001;225920;17;FALSE;mejoresplaylistsspotify;2025-10-22T09:35:09Z;;Ariola;0.672;0.894;0;-6.319;0;0.0501;0.391;0;0.141;0.848;130.155;4;;;;;;;;;;
spotify:track:7EWKAYWmUc1cTfEimTKvou;Háblame de Ti;Un Par de Corazones y Otros Grandes Éxitos;Pecos;1978;207306;43;FALSE;mejoresplaylistsspotify;2025-10-22T09:35:09Z;;Sony Music Media;0.708;0.802;5;-6.853;1;0.0477;0.318;0;0.151;0.785;124.641;4;;;;;;;;;;
spotify:track:4XIy5VoEpeC9CCJQFP17Y6;Echo de Menos;Echate Un Cantecito;Kiko Veneno;1992;227360;29;FALSE;mejoresplaylistsspotify;2025-10-22T09:35:09Z;flamenco,flamenco pop;Legacy Recordings;0.775;0.64;9;-14.766;1;0.0406;0.0991;0.0000467;0.0816;0.91;111.105;4;;;;;;;;;;
spotify:track:0nbV5uNvFiyw24U1Rcekh8;Debajo del Puente;Tan Cerca De Mí;Pedro Guerra;29/01/1997;221840;31;FALSE;mejoresplaylistsspotify;2025-10-22T09:35:09Z;trova,nueva trova,cantautores,folk latino,bolero;Ariola;0.616;0.524;1;-8.565;0;0.0476;0.272;0;0.11;0.348;80.998;4;;;;;;;;;;
spotify:track:5fuiYDXvDMVqsa3o8B8KLR;No Hay Tregua;Barricada;Barricada;01/01/1990;175333;50;FALSE;mejoresplaylistsspotify;2025-10-22T09:35:09Z;;Universal Music Spain S.L.;0.271;0.678;7;-12.355;1;0.038;0.116;0.00886;0.954;0.273;145.498;4;;;;;;;;;;
spotify:track:5YrrTg4O6MTF2L7WlfotJn;Cuando Duermes;Esta Llorando El Sol;Cómplices;14/10/1991;301840;44;FALSE;mejoresplaylistsspotify;2025-10-22T09:35:09Z;rock en español,rock latino;RCA Records Label;0.639;0.757;8;-12.953;1;0.0292;0.529;0.19;0.103;0.698;127.039;4;;;;;;;;;;
spotify:track:0OvZ39UskFDLzbeatm0rbh;Grita;Hombre En El Espejo;Melon Diesel;14/05/2001;221666;36;FALSE;mejoresplaylistsspotify;2025-10-22T09:35:09Z;;Epic;0.641;0.817;4;-4.989;1;0.0268;0.0116;0;0.112;0.441;114.485;4;;;;;;;;;;
spotify:track:7Cd7umUyXCf7xWCVzgKlnZ;Contamíname;Pedro Guerra 30 Años;Pedro Guerra;09/04/2013;225853;38;FALSE;mejoresplaylistsspotify;2025-10-22T09:35:09Z;trova,nueva trova,cantautores,folk latino,bolero;Legacy Recordings;0.493;0.447;9;-9.303;1;0.233;0.912;0.00000107;0.983;0.554;162.686;4;;;;;;;;;;
spotify:track:2MgQjrUaYSPikmcb4vdnsC;Manué;Cara-Dura;Los Inhumanos;19/03/2001;172666;28;FALSE;mejoresplaylistsspotify;2025-10-22T09:35:09Z;rock en español;Zafiro;0.638;0.963;9;-4.075;1;0.069;0.274;0;0.87;0.667;127.674;4;;;;;;;;;;
spotify:track:0Ak8vyfq6F2UvjZJU502jL;Coge el Tren;Coge El Tren;Mermelada;29/08/2002;121893;21;FALSE;mejoresplaylistsspotify;2025-10-22T09:35:09Z;;Zafiro;0.662;0.419;2;-14.241;1;0.111;0.114;0.0000102;0.108;0.961;108.522;4;;;;;;;;;;
spotify:track:2YC3neZr19WGZ1FbBVd3Uc;Los Amigos de Mis Amigas Son Mis Amigos;Los Amigos de Mis Amigas Son Mis Amigos;Objetivo Birmania;21/07/1989;280400;38;FALSE;mejoresplaylistsspotify;2025-10-22T09:35:09Z;;Sony Music Entertainment;0.72;0.851;3;-9.712;1;0.0298;0.0315;0.00846;0.106;0.957;133.12;4;;;;;;;;;;
spotify:track:3xi7tKuBss25X34eNwWac7;Bolillón;Los Grandisimos Exitos De Los Chanlas;No Me Pises Que Llevo Chanclas;20/05/1996;192106;36;FALSE;mejoresplaylistsspotify;2025-10-22T09:35:09Z;;CBS;0.762;0.738;4;-7.477;0;0.0665;0.0324;0;0.0771;0.977;146.5;4;;;;;;;;;;
spotify:track:2tFw1rpG8RqiWPJJDPikJt;Un Sorbito de Champagne;Lo Mejor de los Brincos;Los Brincos;1964;171306;35;FALSE;mejoresplaylistsspotify;2025-10-22T09:35:09Z;;Sony Music Entertainment;0.368;0.342;1;-8.406;0;0.0307;0.899;0.000412;0.0894;0.492;184.353;4;;;;;;;;;;
spotify:track:1k4kMMTPN5Yc0KdMxtMTuj;Los Chicos Con las Chicas;Los Chicos Con las Chicas;Los Bravos;1967;132933;33;FALSE;mejoresplaylistsspotify;2025-10-22T09:35:09Z;;RCA Records Label;0.562;0.868;4;-3.124;1;0.0585;0.756;0;0.219;0.727;129.718;4;;;;;;;;;;
